Title,Author,Publisher,Description
"1억 근육 (그 어떤 상황에서도 다시 일어설 수 있는 부의 기초 체력, 일 억)",‘즐부’ 박성찬,쏭북스,"챌린지형 경공매 멘토 즐부가 전하는 평생 행복한 투자자로 사는 비결
그 어떤 상황에서도 평생 행복한 투자자로 살 수 있는 첫 관문 1억 근육일억 근육을 만드는 힘

	회복 탄력성과 뇌 과학으로 인생의 전환을 이룬 저자가 전하는 투자 멘탈력
	티끌 모아 티끌인 투자가 반복되는 이유에 대한 근본적 해결책
	자본주의 사회에서 평생 행복한 투자자로 살기 위해 먼저 알아야 할 것들
	내 힘으로 벌어 통장에 찍힌 1억 원의 의미
	평생 투자자가 되기 위한 첫 관문 1억 근육을 만드는 8단계
	남들 하는 대로 열심히 노력하기의 배신 
	불안과 두려움을 인정하는 뇌 과학 기반 투자의 비법
	생업으로 전업 투자자가 된다는 의미
	내 자산을 지킬 단단함은 어디에서 나오는가
	아이를 낳는다는 마음으로 투자한다면
	자산은 애정과 애착에 반응한다는 것을 알아야 하는 이유"
300년 세계경제사의 위대한 경제이론들 (불황에서 호황으로 빈곤에서 풍요로),김민구,사람in,"300년 세계경제사의 주요 경제이론을 한 권에 담았다

산업혁명 이후 발전한 자본주의 경제는 지난 3백 년간 인간 삶의 여러 측면을 변화시켰다 모든 국가가 경제적 번영을 위해 목표를 세우고 애쓰지만 어떤 나라 사람들은 영화를 누리고 어떤 나라 사람들은 빈곤에 허덕이는 것이 현실이다 그동안 수많은 경제학자가 더 나은 내일을 위한 해법을 제시하고 경제정책에 영향을 미치며 사람들의 삶을 바꿔왔다
범위가 폭넓으면서도 쉽게 읽히는 이 책은 역사상 가장 위대한 경제이론과 그 이론을 내놓은 경제학자들의 이야기를 담고 있다 18세기 애덤 스미스의 국부론을 비롯해 21세기에 새로이 큰 영향을 미치는 경제학자들의 이론과 그것을 내놓게 된 시대상을 종합하여 이야기한다 자유방임주의부터 신자유주의 정부의 시장 개입을 강조하는 케인스학파부터 최근 각광받는 불평등 해결책에 이르는 주요 이론의 흐름을 한눈에 알 수 있다 역사적으로 세계 자본주의를 형성해온 경제이론을 담은 이 책은 일상생활에 살아 숨 쉬는 경제 현상을 더 쉽게 이해하는 길잡이다"
40세 정신과 영수증 (2만 장의 영수증 위에 쓴 삶과 사랑의 기록),정신,이야기장수,"23세부터 매일 모은 삼과 삶의 기록 영수증 2만 5천 장
당신을 만나기 위하여 태평양을 건넌 
홍진경을 온통 흔들어놓은 정신의 이야기

2004년 정신과 영수증이라는 묘한 제목의 책이 출간된다 언뜻 정신의학과에 다녀온 기록처럼 보이는 이 책은 그러나 정신이라는 이름을 가진 여성의 독특한 감성과 집요하게 영수증을 모으며 일상을 기록하는 방식의 기발함으로 화제를 모았다 출간된 지 20여 년이 지났음에도 SNS에서 젊은 독자들에게 계속해서 발견되는 레전드 에세이의 주인공 정신 그리고 방송인 홍진경이 지금 나를 온통 흔들고 있는 존재라고 언급한 곡진한 우정과 편지의 수신인 정신 작가가 21년 만에 신간으로 돌아왔다 
23세부터 매일매일 영수증을 모으던 정신은 지금도 영수증을 모은다 그가 모은 영수증은 어느덧 2만 5천 장에 이르렀다 해사하고 개성 넘치는 감성으로 사랑하고 사랑받으며 20대를 보내던 정신은 어느덧 40대가 되었다 막연하게 30대엔 인생의 단 한 사람을 만나 결혼을 하고 단단한 일상을 가질 거라 생각했지만 40대의 인생은 막막하고 막연하다 정신은 아직 인생의 단 한 사람을 만나지 못했고 일도 가족도 주위 환경도 장막이 드리운 것처럼 쉽지 않다 
그러던 어느 날 자신을 둘러싼 공간과 인간관계의 반경을 넓혀보라는 조언을 듣고 정신은 신변을 정리하고 태평양을 건너 훌쩍 미국으로 날아간다 미국 성당 앞에서 울며 기도하던 시간 통 잠에 들어가지 못하며 내 인생에 흉터를 남긴 악역들과 싸우고 견디고 그들이 남긴 독을 치유하던 시간들 그리고 내 인생의 단 한 사람을 만나기 위해 수많은 사람들과 대화하고 배우고 다시 사람에게서 희망을 찾던 순간들에 이르기까지 
이 책은 정신 작가가 소중한 사람들에게 또 지켜내야 할 자기 자신에게 무언가를 사주고 선물하며 물건과 장소에 남은 기억을 돌아보는 기록이자 생의 어둠 속에서 끝내 빛을 찾아내는 이야기이다"
"강남 아파트 인사이트 (강남을 처음 공부하는 당신에게, 3060 생애주기별 인생투자 가이드)",오스틀로이드,진서원,"강남에 집 사고 싶어요 저자 오스틀로이드가 돌아왔다
강남 아파트 아무거나 사지 마세요

저자의 첫 책인 강남에 집 사고 싶어요는 부동산스터디 카페에서 3040 세대가 보낸 질문에 대한 답글이었다 실거주 똘똘한 1채를 고민하던 투자자에게 나침반 역할을 제시했고 3대째 강남에 거주한 워킹맘의 경험담은 그래프 하나 없어도 부동산 투자의 원리가 담겨 있어 술술 이해되었다 
그렇다면 5년이 훌쩍 넘은 지금은 어떠할까 강남 쏠림 현상은 가속화되었고 아파트 매수자의 니즈도 세분화되었다 자신이 가진 돈과 나이와 취향에 따라 어디를 진입하면 좋을까 강남 아무 데나 들어가도 괜찮을까 디테일의 차이가 자산의 크기를 좌우하는 상황이다

40년 가까이 거주한 강남 토박이의 강남 아파트 투자지도
압구정 반포 대치 개포 역삼 도곡 서초 방배 삼성 청담 수서 잠실까지
강남 아파트 인사이트는 강남을 처음 공부하는 사람들을 위한 책이다 저자는 40년 가까이 강남에 거주하며 두 아이를 키우고 출퇴근을 반복했기 때문에 누구보다 강남 구석구석 잘 알고 있다 본인도 실거주 갈아타기를 위해 손으로 지도를 그려가며 임장을 했고 인덕원에서 역삼 대치 반포로 상급지 이동을 해왔다 
저자는 자신의 투자 경험을 토대로 30대 40대 50대 60대 생애주기 사이클에 따라 진입하기 좋은 강남 아파트를 안내한다 이번에도 복잡한 그래프와 통계수치는 찾아볼 수 없다 대신 강남 원주민의 속사정과 신규 투자자의 심리를 기반으로 강남 12개 권역 약 170개 아파트의 가격서열이 어떻게 책정되었는지 설명한다

강남 3구 총 170여 개 아파트 입지분석 투자 심리까지 총망라
이 나이에 이 돈으로 어디를 갈아탈까요
강남 아파트 투자처는 크게 12여 곳으로 나뉜다 압구정 반포 대치 개포 역삼 도곡 서초 삼성 청담 수서 잠실까지 압구정이 왜 상급지인지 반포가 토지거래허가제를 피해 급상승한 게 아니라는 이유까지 그리고 대치동의 원톱 탈환 가능성에 대해서 언급한다 또한 개포동 주거지의 특징과 도곡과 역삼 간 학군지 위상의 변화를 설명한다 서초동과 방배동의 닮은 듯 다른 점과 출퇴근을 하며 느꼈던 삼성동의 두 얼굴을 풀어낸다 숨겨진 청담동의 가치와 동남권의 새로운 거점인 수서 그리고 젊은 부부들이 선택한 잠실까지 분석하며 마무리 짓는다 
저자는 이렇게 아이 교육도 잘 시키고 직주근접도 가능하며 자산가치 상승까지 기대할 만한 아파트를 추렸다 이 책을 다 읽고 나면 독자 스스로 최적의 선택지를 고를 수 있을 것이다 강남의 주요 아파트는 책 속에 입지 분석 지도로 제공하고 있어서 책만 들고 곧바로 임장이 가능하게끔 실용성도 갖췄다 

순자산이 얼마예요 
영끌 적정 기준 제시 1013년 대출 원금의 50 상환 가능 여부
강남 아파트는 움직이는 과녁과 같다 저자는 내집마련 투자가 실패하지 않으려면 순자산 계산의 습관화를 강조한다 순자산이야말로 자신이 서 있는 투자의 좌표이고 방향성이며 대출 실행의 기준 즉 영끌의 기준1013년 대출 원금의 50 상환 가능 여부을 제시하기 때문이다 우리는 생애주기에 따라 차익 실현 시점과 절세를 시뮬레이션하며 앞으로 나아가야 한다 특히 자녀가 있다면 갈아타기 시점과 학령기를 맞춰야 하고 증여와 쪼개기도 고민해야 한다
아이가 학령기에 접어들면 투자 에너지도 50 이상 줄이는 게 맞다 그래서 여건만 된다면 대다수 가정이 아이를 위해 강남 투자를 선택한다 방향성이 뚜렷하기에 어디를 투자할지 시간을 낭비할 필요가 없고 아이에게 집중할 시간을 확보하기 때문이다 저자는 아이를 낳아 키우는 일에 비하면 투자는 쉽다고 말한다 투자는 한번 망쳐도 다시 시작할 수 있으니 말이다 이것이야말로 이 책 최고의 인사이트가 아닐까"
공급자의 시선 (부동산 투자의 25가지 함정),표영호,황금부엉이,"공급자의 시선을 간파하면 투자 원칙이 명확해진다
정부 건설사 언론 시장의 판을 짜는 자들을 꿰뚫어라

한때 모든 자산이 가파르게 상승하던 시기는 끝났다 특히 부동산 시장은 급등과 조정을 반복하며 과거처럼 사두면 오른다는 단순한 공식이 통하지 않는 시대가 되었다 이제 부동산 가격이 오를 것인지 떨어질 것인지 누구도 확신할 수 없다 시장에서는 끊임없이 엇갈린 전망이 쏟아진다 어떤 전문가는 지금이 저점 매수 기회라고 말하고 또 다른 전문가는 추가 하락이 불가피하다고 경고한다 수많은 정보 속에서 무엇이 진짜 신호이고 무엇이 노이즈인지 구분하기 어려운 상황은 투자자의 객관적인 판단을 흐리게 만든다 이는 시장의 분위기에 휩쓸려 감정적인 결정을 내리게 하는 위험 요소가 된다
지금의 부동산 시장에서는 정보를 많이 아는 것이 중요한 것이 아니다 중요한 것은 그 정보가 무엇을 의미하는지 그리고 그 정보가 만들어진 의도가 무엇인지 정확하게 해석하는 능력이다 잘못된 해석은 곧 투자 실패로 이어질 수 있기 때문이다 그렇다면 무엇을 기준으로 시장을 바라봐야 할까 이 책은 그 답을 공급자의 시선에서 찾는다

정보는 무기인가 함정인가
공급자의 전략을 이해하는 자만이 기회를 움켜쥔다

대부분은 집값이 올랐다는 뉴스를 보면 더 오를 것이라 기대하고 특정 지역의 개발 계획이 발표되면 유망 투자처라 판단한다 하지만 시장을 움직이는 것은 투자자가 아니라 정부 건설사 금융기관 언론과 같은 공급자들이다 정부는 정책을 발표할 때 단순한 시장 안정이 아니라 정치적경제적 목적을 고려하며 건설사는 분양을 유리하게 만들기 위해 특정 지역의 개발 이슈를 강조한다 금융기관은 대출 정책을 조정하며 자본의 흐름을 통제하고 언론은 특정 키워드를 부각해 투자 심리를 조성한다 이렇게 공급자는 언제나 자신에게 유리한 방식으로 정보를 흘린다 이를 비판 없이 받아들일 경우 그들의 의도에 휩쓸려 투자에서 실패할 수밖에 없다
이 책의 저자이자 70만 구독자를 가진 부동산 전문 채널 표영호TV의 운영자 표영호는 현장의 목소리를 들으며 공급자들이 정보를 활용하는 방식을 분석해 왔다 그는 부동산 시장에서 기회를 잡으려면 공급자의 시선으로 시장을 바라봐야 한다고 강조한다 공급자의 시선은 단순히 어디에 투자해야 하는가를 알려주는 것이 아니라 부동산 시장의 근본적인 흐름을 이해하고 정책뉴스분양 정보 속에서 진짜 투자 기회를 찾는 방법을 알려주는 책이다 이 책이 당신의 중요한 투자 선택을 돕는 나침반이 되어줄 것이다"
과학을 보다 3 (지식과 흥미를 한 번에 채우는 기발하고 수상한 과학책),김범준^지웅배^이대한^정영진,알파미디어,"진화 우주 만물의 비밀을 푸는 경이로운 과학 여행
요즘 어른에게 필요한 최소한의 과학 교양

훨씬 깊고 넓어진 과학 이야기 이제는 생명의 진화까지

진화생물학자 이대한이 펼쳐 보이는 생명 진화의 비밀과 아름다움
천문학자 지웅배가 명쾌하게 설명하는 우주의 신비와 낭만
물리학자 김범준이 세상만사를 풀어내는 과학적 방법론
 정영진의 재치와 현실감각

230만 구독자를 보유한 유튜브 채널 보다BODA의 인기 시리즈 과학을 보다가 세 번째 책으로 돌아왔다 유튜브 영상으로 과학의 매력을 전하던 이들이 첫 번째 책을 통해 일반 독자들에게 과학의 문턱을 낮추고 두 번째 책으로 깊이 있는 생물학적 통찰을 선보였다면 이번 과학을 보다 3에서는 한층 더 폭넓은 주제와 다채로운 이야기를 담아냈다
이번 책은 생명과 진화 우주의 비밀 그리고 일상에서 무심코 지나쳤던 과학적 호기심까지 포괄한다 예를 들어 원숭이가 이제 구석기시대에 접어들었다는 이야기가 사실일까 공룡은 왜 우리처럼 문명을 이루지 못했을까 빙하 속 고대 생물을 복원할 수 있을까 같은 틀을 깨는 질문으로 우리에게 과학적 상상의 나래를 마음껏 펼치게 한다 때로는 엉뚱하고 때로는 진지한 질문에서 출발한 이야기는 과학적 근거와 재치 있는 설명으로 이어지며 자연스럽게 고개를 끄덕이게 만든다
과학을 보다 3의 가장 큰 매력은 무작정 어렵게 느껴지던 주제를 독자의 눈높이에 맞춰 풀어냈다는 점이다 유리는 고체일까 액체일까와 같은 고전적 질문부터 빛과 빛이 충돌하면 어떤 일이 생길까 우리 몸의 원소들이 별에서 왔다고 같은 흥미로운 이야기를 통해 과학을 외면했던 이들조차 빠져들지 않을 수 없게 만든다 특히 유튜브 영상에서는 시간의 제약으로 담기 힘들었던 상세한 설명과 흥미로운 뒷이야기까지 만날 수 있어 과학에 관심 있는 독자들에게 더없이 반가운 선물이 될 것이다
유쾌한 질문과 진지한 답변 사이를 오가다 보면 과학은 더 이상 어려운 학문이 아닌 세상을 새롭게 바라보게 하는 즐거운 도구임을 깨닫게 된다 첫 페이지를 펼치는 순간 과학자들의 이야기에 빠져들고 마지막 페이지를 덮을 때쯤이면 세상에 대한 새로운 시각과 깊이 있는 지식을 얻은 자신을 발견하게 될 것이다 과학을 보다 3은 이번에도 우리의 호기심을 충족시키며 과학적 소양을 쌓는 즐거움을 선사한다 책을 펼치고 과학의 세계로 떠나보자"
"교양인이 알아야 할 음식의 역사 (인류는 무엇을 어떻게 먹어왔을까, 그리고 미래에도 그렇게 먹을 수 있을까)",자크 아탈리,따비,"음식을 먹는 것은 그 어떤 인간 활동보다 역사의 중심에 있다 
그렇다면 미래를 이해하고 대비하기 위해서는 
음식을 관통하는 모든 수수께끼의 답을 
찾아낼 수 있어야 한다

인류가 생존하기를 바란다면 충만하고 자연적인 삶과 정말 인간다운 삶을 누리고자 한다면 윗세대가 어떻게 음식을 먹었는지 거기에 들인 시간은 얼마나 되는지 식사를 통해 형성한 사회적 관계는 무엇인지 음식에 썼던 돈은 얼마나 되는지 음식으로 세워졌다가 무너진 권력은 무엇인지 자세히 살펴봐야 한다 음식을 먹는 것이 모두에게 즐거움 공유 창작 기쁨 자기 초월의 원천이 되도록 해야 한다 그뿐만 아니라 지구와 생명을 구하는 방법이 되도록 만들어야 한다

음악 의학 시간 재산 노마디즘 사랑 죽음 지정학 기술 유대교 근대성 미로 예측 대양의 긴 역사를 공부하고 책으로 쓴 바 있는 경제학자이자 미래학자 자크 아탈리가 이번에는 음식의 역사를 탐구했다 도서출판 따비의 신간 교양인이 알아야 할 음식의 역사인류는 무엇을 어떻게 먹어왔을까 그리고 미래에도 그렇게 먹을 수 있을까에서 아탈리는 먹는다는 것은 과거 현재 그리고 미래에 무엇을 의미할까라는 물음의 답을 찾아간다"
국세청도 모르는 상속 증여의 기술 (상위 1% 자산가들이 찾는 세무사가 알려주는 합법적인 절세법),공찬규,알에이치코리아,"1500만 조회수 돌파 공셈TV의 운영자 공셈의 실전 절세법
네이버 세무 분야 인플루언서 1위 전문가의 노하우
2025년 3월에 발표된 상속세 개정 이슈 포함

국세청도 모르는 상속 증여의 기술은 세무사 자격증과 공인중개사 자격증을 동시에 보유하고 있는 전문가 공셈이 매년 수백 건 진행하는 실전 상담 사례를 통해 쌓아 올린 상속세 증여세 절세 노하우를 담았다 세법은 일상에서도 많은 궁금증을 유발한다 어째서 재벌이 아닌 사람에게도 부자 세금을 과세하는지 자식에게 현금을 줘도 증여세를 내야 하는지 아파트 한 채 장만했을 뿐인데 세무조사 통지를 받으면 어떻게 해야 하는지 기초적인 상속세 증여세 상식부터 실전에 응용할 수 있는 절세 노하우까지 조목조목 짚어 준다

세법의 딱딱한 법문적 내용이 아니라 계좌이체 현금 입출금 세무조사 대비 등 실제로 접하는 사례 위주로 구성되어서 누구나 쉽게 이해할 수 있다 거기에 더해 2025년 3월에 발표된 상속세 개정 이슈와 실제 현장에서 활발한 상담을 이어나가는 저자가 직접 엄선한 QA까지 담은 실용적인 책이다 피땀 흘려 모은 재산을 고스란히 세금으로 빼앗기고 싶지 않다면 상위 1 자산가들 사이에서 공유되는 절세 노하우를 알고 싶다면 국세청도 모르는 상속 증여의 기술이 많은 도움을 줄 것이다

이 책은 총 4장으로 구성되었다 1장에서는 본격적인 상속세 증여세 절세법을 제시하기 전에 기초적인 세금 상식을 설명한다 2장에서는 상속세를 중점적으로 다룬다 크게 상속개시 이전과 이후에 해야 할 일로 나눠서 상속세 공제를 최대한 많이 받으려면 어떤 조치를 취해야 하는지 조목조목 알려 준다 장례비용 공제처럼 대개 알고 있을 내용부터 사전증여라는 생소한 개념까지 광범위한 상속세 절세법이 담겨 있다 3장은 증여세가 중심이다 증여세는 생활과 밀접한 관계를 맺고 있는 세금이다 가족에게 생활비로 주는 금액은 어느 정도가 비과세인지 경조사비는 얼마까지 세금을 내지 않아도 되는지 알기 쉽게 설명한다 증여 대상 재산을 현금 주식 부동산 세 가지로 나눠서 독자 스스로 자신에게 필요한 방법을 찾기 쉽게 만들었다 마지막으로 4장에서는 가족 간 부동산 거래는 시세에 비해 얼마나 저렴하게 팔아도 괜찮은지 어떤 경우에 가족법인을 만들면 파격적으로 절세할 수 있는지 알 수 있다"
국화와 칼 (일본 문화의 양상),루스 베네딕트,현대지성,"일본 문화의 이중성을 최초로 분석하고
타 문화 이해의 기준이 된 고전

주요 번역상 다수 수상한 왕은철 교수의
현대적 감각을 살린 정확하고 유려한 번역

 희귀 사진 및 일본 전통 그림 45컷 컬러 수록
 이해를 돕는 필수 배경지식 장별 정리


제2차 세계대전이 한창이던 1944년 미국 정부는 인류학자 루스 베네딕트에게 일본 문화를 연구해달라고 요청했다 당시 미국에게 일본은 가장 낯설고 예측하기 힘든 적이었기에 효과적으로 대처하려면 일본인의 행동 양상을 파악할 필요가 있었다 전쟁 중이어서 현지 조사를 수행할 수 없었지만 베네딕트는 방대한 자료 조사와 미국 거주 일본인들의 도움으로 일본 문화를 탁월하게 분석해냈다 날카로운 통찰로 핵심 원리를 꿰뚫은 그의 연구는 미국의 전후 일본 점령 정책에 결정적인 영향을 미쳤다 그 결과물은 1946년 국화와 칼로 출간되어 미국은 물론이고 일본에서도 250만 부 넘게 팔리며 큰 반향을 불러일으켰다
베네딕트는 국화와 칼을 일본 문화에 내재한 이중성을 함축하는 상징으로 내세웠다 당시 미국이 바라본 일본은 혼란스럽고 해석 불가한 국가였다 그들은 예의 바르면서도 무례하고 순종적이면서도 통제하기 어렵고 충성스러우면서도 쉽게 배반했다 베네딕트는 일본인의 가치 체계에서 그러한 이중적 행동 양상이 성립하는 원리를 논리적으로 분석했고 그 원리가 형성된 역사적 맥락을 철저히 규명했다 베네딕트가 파악한 온과 기무 기리 등은 지금까지도 일본 문화를 분석하는 데 토대가 되는 주요 개념이다
국화와 칼은 우리와 다른 타자의 문화를 연구하는 데 모범이 될 만한 태도와 방법론을 제시했다 문화의 상대성을 존중하고 편견에 빠지지 않은 채 타 문화를 객관적으로 파악하려는 지적 태도야말로 이 책의 백미다 전 세계가 긴밀히 연결되어 문화적 타자와의 교류가 불가피해진 이 시대에 우리는 이 책에서 여전히 빛나는 통찰과 교훈을 얻을 수 있다
현대지성 클래식 국화와 칼은 유영번역상 등 굵직한 번역상을 다수 수상한 왕은철 교수가 번역을 맡았다 원문의 논리와 구조에 충실하면서도 시인이기도 했던 저자의 문학적 필치를 유려하게 살려냈다 시대적 배경과 맥락을 생생히 알 수 있도록 일본 전통 그림과 희귀 사진 45점을 컬러로 수록했고 이해를 돕는 필수 배경지식을 장별로 정리했다"
귀하신 몸 (근골격계),EBS <귀하신 몸> 제작진,알에이치코리아,"EBS 화제의 건강 프로그램 귀하신 몸 공식 단행본

내 몸을 살리는 습관
관절을 지킬 골든타임을 사수하라

EBS 화제의 건강 프로그램 귀하신 몸의 방송 중 근골격계 관련 회차만을 엄선해 한 권으로 엮었다 귀하신 몸 근골격계는 어깨 목 무릎 허리 골반 발 등 고질적인 관절 통증을 유발하는 부위와 해당 근골격계 질환을 정리해 식습관과 운동법 등 생활 습관의 변화만으로 통증을 없애는 솔루션을 제시한다 
오십견 골반 불균형 목 디스크 척추측만증 등 일상생활 속 누구나 나도 하고 생각해 봤을 질환들을 집에서 정확히 진단하는 방법을 소개하고 그에 맞춰 통증을 개선하는 운동법을 제시한다 책에서 소개하는 2주 솔루션을 따라 하다 보면 자연스럽게 몸의 변화를 체감할 수 있다 국내 명의 운동 전문가 영양사로 구성된 대한민국 최고 전문가단이 처방한 2주 완성 홈케어 처방전은 뼈 건강을 걱정하는 모두를 위한 주치의가 되어 줄 것이다"
균은 어떻게 세상을 만들어 가는가,조너선 케네디,아카넷,"균은 총칼보다 더 치명적이다
총균쇠가 아니라 균균균이다 

세상에서 가장 미시적인 것들이 만들어 온 5만 년 역사의 유장한 파노라마

 우리는 균으로 이루어진 이 세계에 초대받은 손님일 뿐이다

균은 어떻게 세상을 만들어 가는가는 유전학 생물학 인류학 고고학 경제학 역사 등 다양한 분야의 최신 연구를 토대로 현생인류의 출발인 호모사피엔스 시대부터 코로나19가 휩쓸고 간 최근까지 약 5만 년간의 인류사를 살펴보면서 균이 우리 삶에 끼친 심대한 영향을 탐구한 책이다 한국의 독자들과 처음 만나는 저자 조너선 케네디는 런던퀸메리대학에서 글로벌 공중 보건에 대해 가르치고 있으며 이 책으로 영미권의 언론과 독자로부터 많은 주목을 받았다 저자의 첫 책임에도 불구하고 과학과 인문의 영역을 통섭적으로 넘나들면서 놀라울 만큼 방대한 자료에 쉽게 접근할 수 있도록 풀어내는 그의 유려한 솜씨와 넓고 깊은 시야는 이런 주제에 익숙한 독자라 할지라도 그들을 강력하게 사로잡을 것이다 케네디는 인류 사회의 운명을 바꾼 세 가지 인자로 총 균 쇠를 꼽았던 재러드 다이아몬드를 의식하면서 그중 균은 총칼보다도 또한 그 어떤 위인보다도 더 치명적이고 힘이 세다는 사실을 다음과 같이 강조한다 

이 책에는 알렉산드로스 대왕 무함마드 샤를마뉴 마르틴 루터 조지 워싱턴 등 토머스 칼라일이 말하는 위인이 많이 등장한다 하지만 이들 영웅은 천재성과 강인한 성격으로 역사의 물줄기를 바꾼 것이 아니라 오히려 이러한 자질 덕분에 치명적인 전염병이 이미 만들어 준 기회를 활용할 수 있었다338쪽

총과 쇠 같은 군사 기술 측면에서 스페인은 아메리카 원주민보다 실제로 우위에 있었다 그러나 중략 정복자들의 총기는 충격 효과를 가져다주기는 했지만 문제도 있었다 중략 원시적인 머스킷 총은 재장전하는 데 1분 이상 걸렸고 대포는 험준한 지형을 가로질러 운반하기 어려웠다 중략 다이아몬드는 아즈텍과 잉카가 이전에 전혀 접하지 못했던 말이 침략 결과에 결정적 역할을 했다고 주장한다 중략 그러나 말의 중요성을 과장해서는 안 된다 스페인군이 보유한 말은 코르테스의 침공 당시 16마리 피사로의 침공 당시 68마리로 매우 적은 수에 불과했다 중략 그렇다면 정복자들이 중남미를 그토록 단호하게 정복할 수 있었던 이유가 총과 쇠로 설명되지 않는다면 그 이유는 무엇일까 답은 간단하다 균 균 균이다183185쪽 

균은 어떻게 세상을 만들어 가는가에 대해 영국의 일간지 타임스는 과학과 역사의 이음매 없는 만남 유발 하라리의 독자라면 즐거워할 책이라고 평했고 인간이 되다의 저자로 많이 알려진 루이스 다트넬은 흥분을 불러일으키고 경이롭다 신석기시대 질병부터 최근의 코로나 19까지 이 지구상에서 가장 미시적인 생명체가 얼마나 막대한 역할을 했는지를 탐구한다라고 놀라움을 표했다 또한 선데이 타임스 아마존 굿리드 등도 이 책을 2023년 최고의 책으로 꼽기도 하는 등 호평이 이어졌다 총균쇠 사피엔스 인간이 되다 같은 책을 좋아하는 독자라면 이 책 역시 주목하지 않을 수 없을 것이다 

한편 이 책의 들머리에는 원서에는 없는 양질의 컬러 화보 32컷을 엄선하여 에피타이저처럼 수록해 놓았다 각각의 화보에는 짧지만 알찬 해설까지 곁들여 놓음으로써 화보만 보아도 선사시대부터 오늘날에 이르기까지 균의 막강한 영향을 탐구한 이 책의 대략을 가늠하는 데 유용한 길잡이가 될 것이다 

 균의 관점에서 다시 쓰는 인간의 서사

17세기 네덜란드의 직물상이자 과학자인 안토니 판 레이우엔훅이 처음 발견한 미생물의 세계는 코페르니쿠스의 지동설 다윈의 진화론 프로이트의 무의식 발견만큼이나 인간과 자연에 대한 우리의 이해에 큰 지각변동을 일으키는 계기가 되었다 후대의 많은 연구자들은 육안으로는 보이지 않는 이 작은 존재들의 세계가 단순히 질병 부패 죽음을 일으키는 매개체만이 아니라 그것 없이는 인간의 삶 아니 모든 형태의 복잡한 생명체는 상상할 수 없는 것임을 깨닫게 되었다 실제로 무수한 박테리아와 바이러스는 역사 전체에 걸쳐 수많은 생명을 앗아 가고 여러 문명을 약화시켰지만 그 폐허 속에서 새로운 세상이 등장하고 번성하는 기회를 만들었다 저자는 이에 대한 구체적 이야기를 여덟 개의 장에 걸쳐 풀어낸다 

먼저 저자는 우리의 지구가 호모사피엔스가 지배하는 행성이 된 과정을 살펴본다 인류 진화의 초기에 이 땅에는 마치 톨킨의 중간계처럼 여러 종의 인간들이 함께 살고 있었다 현재 우리 인류와 같은 종인 호모사피엔스를 비롯하여 호모사피엔스보다 힘이 더 세고 뇌도 더 컸던 네안데르탈인 높은 고도에서도 편안하게 살 수 있는 유전자를 가졌던 데니소바인 키가 1미터 조금 넘고 불균형적으로 긴 발을 가졌던 호모플로레시엔시스 손가락과 발가락 뼈가 구부러지고 키가 작았던 호모루센시스 등의 인간 종이 바로 그들이다 그런데 기원전 4만5만 년 전에 호모사피엔스가 아프리카를 벗어나 전 세계로 빠르게 퍼져 나가면서 다른 인간 종은 지구상에서 사라지고 말았다 유발 하라리를 비롯한 많은 학자들은 기원전 7만3만 년 사이에 호모사피엔스가 인지 혁명을 겪으면서 사고와 행동 방식에 변화가 일어났기 때문이라고 말한다 그러나 저자는 호모사피엔스가 다른 인간 종보다 더 뛰어난 지능을 가졌다는 그와 같은 주장을 반박하는 근거를 제시한다 그리고 호모사피엔스가 다른 인간 종과 상호작용을 할 때 마주친 병원균에 주목한다 수백만 년 동안 아프리카에서 살았던 호모사피엔스는 긴 여행을 통해 강력한 면역 체계를 획득한 반면 이들이 가져온 병원균에 유럽의 네안데르탈인은 취약했던 것이다 

저자는 전염병이 광활하고 세련된 문명을 자랑하던 남미의 아즈텍제국과 잉카제국을 무너뜨리는 데도 결정적 역할을 했다고 말한다 1492년 콜롬버스가 대서양 횡단 항해에 나선 이래 유럽에서 진화한 여러 바이러스와 박테리아가 남미로 파도처럼 밀려오는 것은 시간문제였다 남미의 원주민들은 유럽인의 병원균에 노출된 적이 없었기 때문에 저항력을 키우지 못했다 1545년에 아즈텍에서 유행한 코코리츨리라는 전염병은 지역 주민의 80퍼센트를 사망에 이르게 했고 1524년에 잉카를 강타한 천연두는 제국의 역량을 크게 약화시켰다 유럽인의 신대륙 정복은 이렇듯 파괴적인 전염병 때문에 가능했다 이런 정복 서사는 이후 몇 세기 동안 아메리카 태평양의 여러 섬 호주 등지에서도 반복적으로 등장했다 

아메리카대륙의 열대 지방 전체가 의도하지 않게 노예제의 길로 들어선 배경에도 전염병이 있었다고 저자는 말한다 황열 바이러스를 옮기는 이집트숲모기는 서아프리카에서 노예선을 타고 카리브해에 도착했다 이 모기에게 카리브해의 사탕수수 농장은 번식하기에 이상적인 환경을 제공했다 이 모기가 옮긴 병원균으로 카리브해는 백인들의 새로운 무덤으로 변했다 서아프리카에서 나고 자란 이들은 이 질병에 노출되어 평생 면역력을 획득한 반면 유럽에서 건너와 새로 정착한 이들은 내성이 생기지 않아 집단적으로 사망했던 것이다 결국 농장주들에게는 아프리카의 노예 노동이 합리적인 선택이 되고 말았다 

이와 같이 역사의 주요 변곡점에는 언제나 균이 결정적인 역할을 했다는 것이 이 책의 핵심 요지다 이는 인간이라는 존재가 이 거대한 우주에서 얼마나 하찮고 무기력한 존재인지를 절로 실감하게 한다 그러나 수많은 증거에도 불구하고 인간은 여전히 우리가 자연을 지배하고 있다는 환상을 버리지 못하고 있다 이에 대해 저자는 인간은 미시적인 것들로 이루어진 이 세계에 초대받은 손님일 뿐이라고 말하며 세상을 바라보는 대안적 관점을 제시한다 인간은 우리가 생각했던 것보다 훨씬 덜 중요한 위치에 있으며 미생물은 우리 삶에 훨씬 더 중요한 역할을 해 왔다고 말이다 이를 위해 저자는 다양한 학문에 통섭적으로 접근하는 가운데 구체적인 근거로 주장을 탄탄하게 뒷받침하면서 전개해 간다 이 분야의 교과서로 쓰여도 손색없을 정도다 이 점은 스토리 위주의 여느 대중서와 크게 비교되는 점이라 할 수 있다"
"나는 곧 세계 (의식, 어떻게 확장할 것인가)",크리스토프 코흐,아르테(arte),"세계적 신경과학자가 펼쳐 보이는
사이코노트의 여정 의식의 경이로운 지도

미국의 앨런뇌과학연구소의 조사관으로서 신경세포 모델링 연구를 주도하는 세계적 신경과학자 크리스토프 코흐의 신간이 나는 곧 세계 의식 어떻게 확장할 것인가필로스 시리즈 37번로 출간되었다 
크리스토프 코흐는 의식 과학사의 굵직한 패러다임 전환을 선도해 온 중요 인물이다 1990년대부터 프랜시스 크릭과 함께 의식에 관한 다양한 연구들을 수행하며 의식의 신경상관물NCC을 발견했고 이는 의식 과학 연구의 패러다임을 뒤흔들었던 혁신적 사건으로 평가받는다 
이후 2023년 코흐는 생명 그 자체의 감각필로스 시리즈 26번에서 집대성해 선보인 통합정보이론IIT으로 사이비 과학pseudoscience이라는 지탄을 받았으나 2대 과학 학술지 네이처 사이언스가 의식을 설명하는 선도적이고 검증된 의식 이론 의식이라는 매우 어려운 문제를 완전히 꿰뚫었다라고 평하며 논란을 불식했다 
2024년 저자는 나는 곧 세계로 또 한 번 논쟁의 중심에 섰다 사이언스 월스트리트저널 에센티아재단에서 희대의 논쟁적 저작이라고 평가하며 세계와 나에 관한 최신의 이해라고 극찬했다 이 책은 저자가 어린 시절부터 갈망했지만 70대가 되어 접하게 된 환각제psychedelics 체험을 다루며 의식의 본질에 대해 논한다 40년 이상 의식 연구에 매진한 분야 권위자가 직접 사이코노트psychonaut의 여정을 걸으며 의식에 관한 통찰을 서술했다는 측면에서 논란의 복판에 섰지만 이 책은 중독 심리학자 저드슨 브루어의 말을 빌려 온다면 다음과 같다 지극히 개인적인 체험 영역을 다루었지만 무한히 적용 가능한 의식에 관한 낭만적인 대중서이다 
즉 크리스토프 코흐는 의식에 관한 신경과학적 연구와 체험적 통찰을 긴밀히 결합해 의식적 경험과 뇌 구조에서 나아가 전환적 체험과 뇌 기능 사이의 연관성에 대해 구체적이고도 체험적인 언어로 서술한다 환각제 체험을 통해 얻은 통찰은 책의 주요한 모티프로 작용하나 이를 발판으로 저자는 전환적 체험에 주목할 것을 역설한다 
저자의 전환적 체험 개념에는 삶을 변화시키는 몰입 즉 자아 상실로 나아가는 경로에 도움 될 임사체험 개종 깊은 명상 각 문화권의 공통적 특징인 샤머니즘적 의식 등이 있다 
이는 이 책의 제목에도 밝히듯 나는 곧 세계로서 마음에 남겨진 자아의 중력장을 어떻게 해석할 것인지에 대해 신경과학적으로 고찰한다 과학이 주관적 경험의 세계를 객관적 세계로 설명하려 드는 오류에 대해 낱낱이 파헤친다 의식이 무수한 분자들의 활동에서 비롯되었다고 설명하는 것은 형이상학적 곤란에 빠질 수 있다고 지적하며 우선권은 의식에 있지 객관적 세계에 있지 않다라고 역설한다
그렇다면 의식은 무엇인가 저자는 이 책의 제목에서도 밝혔듯 나는 곧 세계 Then I Am Myself the World원제라고 말한다 개인으로 한정 짓는 정신적 장벽이 흐릿해질 때 마음은 우주 그 자체와 통합되며 개인과 세계의 구분이 사라지는 현상에 대해 말한다 이런 광활하고도 무한한 느낌이 어떻게 세계와 상호작용하는지를 말하며 부제에서 말하는 의식 어떻게 확장할 것인가What consciousness is and how to expand it의 고찰로 나아간다 
이 책은 의식과 그 확장에 대해 철저한 연구와 체험적 묘사를 담고 있는 만큼 과학철학에 관심 있는 사람들은 물론 전환적 태도로 고통에서 완전히 해방되기를 원하는 많은 이들의 흥미를 자극할 것이다"
나무 책 (나무에 관한 최고의 식물백과사전),윤주복,진선북스,"3억 8000만 년의 시간 동안 
높이 더 높이 자라며 번성해 온 나무 
여러 나무의 모습 속에 감춰진 그 비밀이 밝혀진다

나무 생태의 모든 것을 담은 나무 대백과사전

꽃 책에 이은 또 하나의 독보적인 식물도감

나무 책은 나무의 생김새와 살아가는 모습을 341개의 용어로 살펴보는 나무에 관한 최고의 식물도감이자 나무 대백과사전이다 40년 가까이 나무를 관찰하며 촬영해 온 식물생태연구가이자 사진가인 윤주복이 2024 한국에서 가장 좋은 책BBK 수상작 꽃 책에 이어 내놓은 또 하나의 역작으로 나무에서 관찰할 수 있는 모든 것을 담았다 나무란 무엇인지에서부터 나무의 종류 나무를 이루는 각 기관의 기능과 특징 나무의 쓰임 등을 1800여 컷의 상세한 사진과 식물 용어로 살펴보며 오랜 시간 지구를 지탱해 온 나무의 생태를 정확하게 이해하고 식물에 대한 지식을 한층 높이 쌓을 수 있다 이해하기 쉬운 한글 용어를 사용하고 한자어나 영문 용어는 따로 표기해 참고하도록 하였으며 용어 해설과 식물 이름 찾아보기를 수록하여 식물 연구자와 애호가는 물론 나무에 관심을 갖기 시작한 이들에게도 훌륭한 길잡이가 될 것이다"
나의 인생만사 답사기 (유홍준 잡문집),유홍준,창비,"그의 문장은 사람을 움직이게 한다 그가 걸은 곳마다 이야기가 피어난다

한국의 대표 글쟁이 국보급 역마살 
유홍준이 인생만사 답사로 돌아왔다"
나의 첫 주기율표 공부 (화학을 몰라도 이해할 수 있는 118가지 원소의 세계),애비 히든,시그마북스,"단 118가지의 원소가 우리 주변의 모든 것을 설명한다
세상의 축소판 주기율표 위에 펼쳐진 각양각색 원소 이야기

흔히 주기율표를 화학 전공자들의 전유물로만 치부하고 나와는 관련 없는 영역이라 여기곤 한다 하지만 주기율표는 지구상의 모든 것을 이루는 118가지의 재료들을 한데 나타낸 표라는 점에서 우리의 삶과 아주 밀접하게 닿아 있다 달리 말하면 주기율표는 곧 우리가 발붙이고 사는 이 세상을 이해할 근본적인 열쇠가 될 수 있다는 것이다 탄소 산소 금 철 등 흔히 볼 수 있는 물질부터 테네신 오가네손처럼 실험실에만 존재하는 신기한 원소까지 각 원소의 흥미진진한 발견 과정과 특징 쓰임새를 한 권으로 정리한 이 책을 통해 주기율표의 한 칸 한 칸마다 숨어 있는 신비하고도 놀라운 이야기를 만나보자"
"나태주의 풀꽃 인생수업 (시가 인생이고, 인생은 한 편의 시다)",나태주,니들북,"우리는 때로 너무 잘하려고 애쓰다 보니
힘들어지는 것은 아닐까요
자존감부터 성공 죽음에 이르기까지
풀꽃 시인 나태주가 전하는 열두 가지 주제의 인생수업이 
칼 라르손의 아름다운 명화를 만나다

자세히 보아야 예쁘다오래 보아야 사랑스럽다너도 그렇다라는 단 세 줄의 시로 많은 이들의 마음에 깊은 울림을 주었던 풀꽃 시인 나태주의 풀꽃 인생수업이 출간되었다 이 책은 코로나가 한창이던 2021년 지속되는 힘든 상황 속에서 사람들의 고단함을 덜어주자는 취지에서 기획된 동명의 강의 EBS 클래스 나태주의 풀꽃 인생수업에서 비롯되었다 단순한 강연록이 아니라 소박한 일상의 아름다움과 가족 행복에 대해 노래했던 스웨덴의 화가 칼 라르손의 아름다운 그림들이 어우러져 한 권의 특별한 책으로 재탄생했다 그 안에는 저자의 인생 지침이 되었던 어린 시절 할머니의 말씀부터 열아홉 나이에 서툰 선생이 되고 또 서툴게 경험했던 사랑 그리고 담즙성 범발성 복막염으로 인해 죽음의 목전까지 갔던 저자가 10만 분의 1의 확률로 다시 삶으로 되돌아왔을 때 알게 된 삶의 진실까지 이 책에는 시와 평생을 함께한 한 사람의 이야기가 오롯이 담겨 있다 
나 자신을 너무 몰아붙이지 말고 안쓰럽고 사랑스러운 존재로 여기라는 이야기로 시작하며 자존감 결핍 그리고 내 인생과 행복 성공 그리고 죽음에 대한 주제로 나아가기까지 저자는 열두 가지 인생의 주제에 대한 자신만의 답을 내린다 하지만 결국 인생이란 무엇인가라는 질문에는 무정의 용어라며 한발 물러서는데 이는 누군가 아는 정답대로 사는 것이 아니라 당신은 당신만의 이야기를 써 내려가라는 저자의 의도다 그리고 그 답이 조금 부족하게 느껴질지라도 그 서툼을 인생의 새로움과 아름다움으로 받아들이며 사는 것이 자신이 깨달은 인생의 지혜라고 말이다"
내가 이런 데서 일할 사람이 아닌데 (월급사실주의 2025),김동식^서수진^예소연^윤치규^이은규,문학동네,"당신은 지금 원하는 모습으로 일하고 있나요 
일다운 일을 꿈꾸는 그 벅찬 소망 앞에서 
넘어지고 버티고 돌파하는 보통 사람들의 생존 노동기

떳떳하게 출근할 수 있는 내일을 위하여
온 힘으로 지켜내는 오늘의 마음

 2025년 5월 1일 근로자의 날 발행

동시대 한국사회에서 먹고살기 위해 일하는 보통 사람들의 삶에 대해 발품을 팔아 사실적으로 쓴다는 규칙을 공유하며 결성된 월급사실주의 동인의 단편소설 앤솔러지 내가 이런 데서 일할 사람이 아닌데월급사실주의 2025가 출간되었다 월급사실주의는 우리 시대의 노동 현장을 담은 소설이 더 많이 발표될 필요가 있다는 문제의식에서 비롯된 한국소설의 새로운 흐름이다 소설가 장강명에 의해 촉발된 이 움직임은 2023년 귀하의 노고에 감사드립니다 2024년 인성에 비해 잘 풀린 사람 출간으로 이어졌고 내가 이런 데서 일할 사람이 아닌데는 이 동인이 내놓는 세번째 앤솔러지다
월급사실주의 동인은 특별한 가입 절차나 정기적인 모임을 갖지 않는다 동인의 문제의식에 공감하고 그 취지에 맞는 작품으로 앤솔러지에 참여하면 이 동인의 구성원이 된다 월급사실주의 동인이라는 이름은 구체적인 형태를 지닌 창작 집단이라기보다는 한국 문단의 변화를 도모하는 운동성 자체에 부여된 셈이다 
올해 새롭게 월급사실주의 동인으로 합류한 작가는 김동식 서수진 예소연 윤치규 이은규 조승리 황모과 황시운이다 2025 이상문학상 대상을 거머쥐며 지금 이 시대의 질문에 가장 발 빠르게 응답하고 있음을 증명해낸 예소연 주물공장에서 십 년 넘게 일하다 전업 소설가가 되어 왕성한 창작활동을 펼치고 있는 김동식 한국어학당에서 일하는 시간강사의 이야기를 다룬 코리안 티처로 작가로서 첫 행보를 뗀 서수진의 신작 단편소설을 만날 수 있다 신춘문예 2관왕으로 화려하게 데뷔한 후에도 회사원으로서 생업전선을 유지하고 있는 윤치규와 2022년 백상예술대상을 수상한 12년 차 다큐멘터리 PD 이은규가 그려내는 생생한 노동 현장 역시 기대할 만하다 그간 SF소설을 쓰며 꾀해온 미래에의 상상을 하이퍼리얼리즘소설에서 다시 한번 구현해낸 황모과와 자전적 경험을 바탕으로 중증장애인 노동권을 이야기하는 황시운의 작품은 문학이 동시대의 거울이어야 하는 이유를 몸소 증명한다
책의 제목은 시각장애인 에세이스트 조승리의 단편소설 제목에서 따왔다 이 땅 위의 근로자라면 누구나 한 번쯤 읊조렸을 법한 자조 섞인 한탄 앞에서 우리는 스스로에게 질문하게 된다 나는 어떻게 일하고 싶은지 내가 꿈꾸는 일터는 어떤 곳인지를 말이다 쉬이 답을 찾기 어려운 이 물음 앞에서 여덟 편의 작품은 저마다 다른 이런 데를 그린다 그들은 연차가 쌓여도 경력을 인정받지 못해 계약직을 전전하고 사회에서 도태된 이들의 몫으로 여겨지는 일을 수행하며 머지않아 인공지능에 의해 대체될 업무를 반복한다 허울 좋은 일자리 정책 아래에 플랫폼 업체의 별점 뒷면에 때론 대한민국 땅 바깥에 벌어지는 그 낯설고도 익숙한 이야기들에서 체념과 불만을 걷어내고 나면 매일 마주하는 일터에서 온 힘을 다해 지켜내고 있는 오늘의 마음이 보인다 일다운 일을 하는 것조차 벅찬 소망이 되어버린 현실 앞에서 조금 더 나은 곳으로 향해가고자 하는 희망이 반짝인다 어제도 오늘도 내일도 넘어지고 버티고 돌파하는 노동자들을 위한 이 책은 5월 1일 근로자의 날에 맞추어 발행된다"
노인과 바다(초판본)(1952년 오리지널 초판본 표지디자인) (1952년 오리지널 초판본 표지디자인),어니스트 헤밍웨이,더스토리,"어니스트 헤밍웨이가 남긴 마지막 작품
독보적인 서사 기법으로 세상을 사로잡은 수작

소설 노인과 바다는 12차 세계대전을 겪으며 독보적인 서사 기법을 구사했던 어니스트 헤밍웨이가 생애 마지막으로 남긴 불멸의 고전이다 작가 고유의 서사 기법과 실존 철학이 집약돼 있어서 헤밍웨이 문학의 정점으로 꼽히는 작품이기도 하다 헤밍웨이는 노인과 바다를 통해 잔인한 현실에 대한 성숙하고 균형 잡힌 통찰력으로 치열한 삶을 사는 불굴의 인간상을 조명한다 또한 그 이면에 존재하는 인간의 나약함과 고독을 섬세하게 묘사하고 있다 발표된 지 70여 년이 흐른 현재에도 인간의 삶과 운명 존엄성 생태주의를 이보다 더 첨예하게 보여주는 작품은 흔치 않다 불운과 역경 고난에 맞닥뜨린 늙은 어부 산티아고의 이야기에는 사실주의를 바탕으로 한 다양한 상징과 전지적 화법이 깃들어 있다 또한 파괴될지언정 패하지 않겠다는 노인 산티아고의 의지에는 인간의 생명력을 재확인하고자 한 헤밍웨이의 열정과 실존주의가 투영되어 깊은 진실성이 전해진다

서사 기법에 정통하고 독보적인 문체와 스타일로 현대 문학계에 큰 영향을 끼쳤다
 1954년 노벨문학상 선정 이유에서

살아생전 헤밍웨이는 노인과 바다를 평생을 바쳐 쓴 글이자 내가 가진 능력으로 쓸 수 있는 가장 훌륭한 작품이라고 말했다 특히 헤밍웨이 특유의 강건하고 간결한 문체 다양한 상징과 독특한 화법을 살리고자 노력했다 또한 수많은 노인과 바다 번역판과 달리 헤밍웨이의 주제의식을 드러낸 말을 보기 쉽고 읽기 쉽게 강조했다 다시 말해서 냉혹한 바다와 사투하는 한 늙은 어부의 삶에 비유되는 인간 존엄의 의미 즉 인간이 살아가면서 겪는 좌절과 실패를 극복할 수 있는 용기의 메시지가 한눈에 들어오게 구성해 오직 하나의 노인과 바다를 만들어 냈다
헤밍웨이는 주인공 늙은 어부 산티아고를 통해 실제 인간 존재의 의미를 되새기게 하는 데 힘썼다 인간을 잉태하고 있는 여성을 상징한 바다 자신이 잡은 물고기에 애틋한 형제애를 느끼는 산티아고의 태도에는 헤밍웨이만의 인간 존재의 의미와 더불어 독창적인 생태주의 시각이 담겼다

노인은 머리부터 발끝까지 다 늙어 버렸지만 그의 두 눈만은 바다색과 꼭 닮아 활기와 불굴의 의지로 빛났다 본문 중에서"
뇌가 힘들 땐 미술관에 가는 게 좋다 (더 아름다운 삶을 위한 예술의 뇌과학),수전 매그새먼^아이비 로스,윌북,"V 존스홉킨스대 뇌과학자 구글 디자인 아티스트가 밝혀낸 아름다움에 끌리는 뇌의 비밀

V 불안 트라우마 질병을 치유하는 예술의 놀라운 힘을 최신 뇌과학 연구로 밝혀내다

미술관과 콘서트가 우리의 고통받는 뇌를 구원할 수 있다 극도의 효율을 추구하는 사회를 살아가는 현대인들을 위한 뇌 예술 그리고 회복에 관한 안내서 존스홉킨스 의대 산하의 국제예술마인드 연구소 창립자인 수전 매그새먼과 구글 하드웨어 제품 개발부의 디자인 부총괄 아이비 로스가 공동 집필한 이 책은 아름다움의 감각을 마주한 뇌가 우리 삶을 어떻게 변화시키는지 이야기한다 
뇌과학자와 아티스트인 두 저자는 예술과 과학의 융합이 인간의 삶에 새로운 방향을 제시할 수 있다는 근거와 확신을 갖고 의기투합해 이 책을 집필했는데 실제로 이 조합의 결과물인 신경미학은 단순한 엔터테인먼트나 취향의 수준을 넘어 신체와 정신의 회복과 위로를 선사한다 아이비 로스는 스마트 안경 기술에 카툰의 재미 요소를 접목시킨 구글 글래스를 개발해 자폐 스펙트럼 아동이 상대의 감정을 알아챌 수 있도록 신호를 주는 기기를 만든 이력이 있다 
익숙한 음악 플레이리스트로 알츠하이머 환자의 기억 회복을 돕고 가상현실 프로그램이 마약성 진통제를 대신해 화상 환자의 통증 정도를 낮추고 미술 수업으로 소방대원의 화재 트라우마를 치료할 수 있다면 두 사람은 과학적 연구 결과와 현존하는 예술가들과의 만남을 토대로 불안과 중독 트라우마로 얼룩진 세상에서 예술이 지닌 놀라운 힘에 대하여 파고든다 
스타벅스가 불황 속에서 다시 일어날 수 있었던 것도 예술의 몫이 컸다 리더들은 한자리에 모인 워크숍에서 가수 비틀스문화적 아이콘스타벅스를 주제로 서로의 경험담을 나누고 토의하며 희망찬 사명 선언을 새로 썼고 이 경험이 기업의 성공적인 재창조를 불러온 것이다 
그림 춤 글쓰기 건축 연기 다양한 예술 활동이 뿜어내는 힘은 우리 뇌를 어떻게 얼마나 변화시킬까 개인과 사회 모두 건강하고 충만한 삶을 누리는 데 필요한 예술의 힘을 다방면으로 조사해 풍부한 사례를 제시하는 책이다 
과학적인 근거를 통해 지친 삶을 환기하는 다채로운 예술 활동의 의미를 생각해볼 수 있는 책이다 창의적 감각이 뇌에 어떤 변화를 일으키는지 그 변화가 몸과 마음의 건강과 인간관계 등 우리 삶과 사회 곳곳을 얼마나 풍성하게 가꾸는지 확인하시라 예술은 생각보다 그리 멀리 있지 않다"
"다 좋아질 거야, 행복이 쏟아질 만큼 (길연우 에세이)",길연우,북로망스,"독자들이 애타게 출간을 기다려 온 책
입소문만으로 수만 독자들의 마음을 울린 
찬란하고 내밀한 보석 같은 이야기

나을 위해 우리를 위해 
좋은 사람이 되려는 당신에게
사랑을 담아 전하는 따뜻한 응원

내 마음속에 들어와 깊숙이 숨겨둔 일기장을 펼쳐본 것처럼 미처 꺼내 보이지 못한 마음을 또박또박 정확하고 선명하게 옮겨놓는 사람이 있다 누군가의 다정한 말 한마디 뒤에 숨은 고민을 가벼운 농담과 밝은 표정 뒤로 감춘 민낯의 망설임을 알고 그 희고 순한 마음에 그럴 수 있다고 나긋하게 공감해 주며 수만 독자들의 마음을 울린 이가 바로 작가 길연우다 

자신의 마음을 기록하는 온라인 공간에서 시작한 글이 2년 동안 쌓이고 입소문으로 알려지면서 따뜻한 위로와 힘을 얻어 세상에 다시 나아간다는 독자들의 고백도 그만큼 더 늘어났다 다 좋아질 거야 행복이 쏟아질 만큼은 이렇게 수만 독자들의 애정과 요청으로 완성된 책이기에 그동안 기다려 준 독자들에게 보내는 선물이기도 하다 

세상의 시선을 따라가느라 소중한 것이 무엇인지 놓치고 살아가는 많은 이들에게 자기만의 소중한 순간들을 떠올리게 만드는 이 책의 매력은 길연우 작가 특유의 폭넓은 공감과 깊이 있는 사유다 흔한 위로의 말이 아니라 온 생을 통해 사랑과 상실 외로움 좌절 성장의 시간을 통과해 온 치열한 분투가 있었기에 가능한 솔직하고 진심 어린 메시지가 독자들의 눈길을 붙잡는 이유다 누구나 겪는 보편의 삶에서 그가 길어 올린 진중한 사유는 오랜 시간 삶의 해답을 찾아 온 이들에게 반가운 이정표처럼 길을 안내해 준다 

나 자신의 가치를 지키고 퇴근길 찰나의 작은 낭만을 기억하고 곁을 묵묵히 지켜준 소중한 이들을 떠올릴 때 우리의 일상이 풍요로워진다고 진정한 행복이란 우리가 하루하루 피워내는 작은 즐거움의 총합이기에 당신의 하루도 그러하길 바란다고 당신이 누구보다도 행복하기를 바라는 작가 길연우가 진심을 담아 당신을 응원한다"
다가올 초대륙 (지구과학의 패러다임을 바꾼 판구조론 히스토리),로스 미첼,흐름출판,"우리가 발 딛고 서 있는 지구를 이해한다는 것은
곧 우리 자신을 이해하는 가장 탁월한 방식이다

지난 세기 초반까지만 해도 인류는 지구 내부에 대해 거의 알지 못했다 그러다가 지진으로 발생한 진동을 통해 지구 내부를 연구하는 학문인 지진학이 태동하고 제2차 세계대전 중 잠수함에 승선해 해저 지도 제작에 참여한 지질학자들에 의해 바다 밑 지구의 실제 모습이 포착되면서 지질학은 판구조 혁명의 시기를 맞이했다 판구조론은 대륙 이동을 설명하는 지질학 이론으로 오늘날 대다수가 상식으로 받아들이는 과학 이론이다 요즘 우리는 흔히 지구가 오대양 육대륙남극 대륙까지 포함하면 칠대륙으로 구성됐다고 말하지만 시간을 23억 년 전으로 거슬러 올라가면 이야기가 달라진다
과거에 지구 대부분의 대륙은 하나의 판으로 모여 있었는데 이를 판게아라고 부른다 판게아는 판구조학의 선구자 알프레트 베게너가 명명한 이름으로 모든 땅이라는 의미다 놀랍게도 판게아는 초대륙Supercontinent 여러 대륙이 하나로 뭉친 대륙이라고 불리는 현상의 가장 최근 버전일 뿐이다 지질학자들의 연구에 따르면 지구가 탄생한 뒤로 약 45억 년에 이르는 기간 중 판게아 외에 적어도 두 번의 초대륙이 더 존재했다로디니아와 컬럼비아가 그것들이다 또한 지질학자들은 판게아 이후 초대륙이 또 한 번 더 생성되리라고도 전망한다 물론 2억 년도 더 뒤의 일이기는 하지만 말이다 한 컴퓨터 모델에 따르면 그때가 도래하면 남아메리카 서부 해안에 위치한 페루 리마와 미국 동부 해안가에 위치한 뉴욕시가 충돌할 것으로 예측된다 이처럼 지구의 판구조 운동은 하나의 도시를 다른 도시 위에 쌓아 올릴 만큼 강력하며 하나의 대륙을 바다 깊은 곳으로 내려 보내 뜨거운 맨틀로 재활용하게 만드는 놀라운 메커니즘이다
다가올 초대륙은 미국의 주목받는 지질학자인 저자가 적어도 세 개의 초대륙이 존재했다는 증거에서부터 약 2억 년 후에 만들어지리라 예상되는 다음 초대륙에 대한 전망을 대중들의 눈높이에 맞춰 알기 쉽고 체계적으로 전달하는 지구과학 교양서다 또한 이 책은 1년에 사람 손톱이 자라는 속도로 움직이는 대륙을 과학 탐구의 대상으로 삼아 우리가 발 딛고 사는 지구라는 행성의 신비를 밝히고자 고군분투하는 과학자들의 열정과 태도에 관해서도 중요한 비중을 두고 묘사한다 
100년도 채 살지 못하는 인간이 몇 억 년 뒤에 벌어질 지구의 변화를 이해한다는 것이 과연 무슨 의미가 있느냐고 되묻는 이가 있을지도 모르겠다 하지만 저자를 비롯해 이 책에 등장하는 여러 지질학자의 과학적인 협력과 공조 덕분에 우리가 살아가는 이 땅의 비밀이 한 꺼풀씩 풀려왔다는 사실 그로부터 인류의 생존을 위협하는 기후변화의 위기에 대응할 묘수들을 생각해낼 수 있다는 사실을 깨닫게 되면 지질학을 비롯한 지구과학 분야의 연구 결과들이 결코 우리와 거리가 먼 이야기가 아님을 알게 될 것이다"
단 한 번의 삶,김영하,복복서가,"내 의지와 무관하게 시작된 삶이라는 사건
예측 불가하고 불공평하고 질서 없는 진짜 인생을 사유하다
 
때로 어떤 예감을 받을 때가 있다 
아 이건 이 작가가 평생 단 한 번만 쓸 수 있는 글이로구나
내겐 이 책이 그런 것 같다 김영하

여행의 이유 이후 6년 만의 신작 산문
오직 한 번만 쓸 수 있는 나의 삶에 대하여

김영하가 신작 산문 단 한 번의 삶을 출간했다 60만 명이 넘는 독자의 사랑을 받은 여행의 이유 이후 6년 만에 선보이는 산문집으로 유료 이메일 구독 서비스 영하의 날씨에 2024년 연재되었던 글을 대폭 수정하고 다듬어 묶었다 영하의 날씨는 초기 구독자의 초대로만 가입이 가능한 서비스로 화제를 모으며 연재 당시 뜨거운 호응을 얻었다
단 한 번의 삶은 작가의 지난 산문들보다 더 사적이고 한층 내밀하다 김영하는 작가 김영하에서 벗어나 한 번뿐인 삶을 살아가는 우리 가운데 한 사람으로서 가만히 말을 건넨다 열네 편의 이야기에 담긴 진솔한 가족사와 직접 경험한 인생의 순간을 아우르는 깊은 사유는 우리를 멈춰 생각하게 한다 우리는 얼마나 서로를 그리고 자신을 모르고 살아가는가 생각은 하나의 질문으로 수렴된다 내 앞에 놓인 삶을 어떻게 살아가야 할까 이 책은 독자들에게 쉬운 위로나 뻔한 조언을 건네지 않는다 대신 담담히 풀어낸 솔직한 경험과 고민을 통해 독자들이 자신의 삶을 되돌아보게 만든다 단 한 번의 삶과 함께 두고 온 시절에서 발견한 자기 삶의 장면들을 기록해보길 권한다 
원래 나는 인생 사용법이라는 호기로운 제목으로 원고를 쓰기 시작했다 
하지만 곧 내가 인생에 대해서 자신 있게 할 말이 별로 없다는 것을 깨달았다 
내가 알고 있는 것은 그저 내게 단 한 번의 삶이 주어졌다는 것뿐"
당신이 정말로 잘됐으면 하는 마음에,태오,부크럼,"삶에 사람에 사랑에 지친
당신의 모든 순간을 다독이는 문장

당신이 매일 행복했으면 좋겠습니다
어찌 삶이 항상 행복할 수 있겠느냐마는
그래도 틈틈이 행복하기를 바랍니다

우리는 매일매일 특별하고 행복한 일이 찾아와 주기를 선물처럼 행운이 쏟아지고 매 순간 바라는 대로 술술 잘 풀리기만을 바란다 하지만 시간이 지나면 알게 된다 결국 우리의 삶을 만들어 주는 것은 그저 켜켜이 쌓아 온 평범하고 사소한 시간들이라는 것을

특별하지 않은 나날이지만 행복은 우리의 일상 곳곳에 숨어 있다 하루의 시작에서 웃을 수 있었고 마음에 걸리는 일 없이 편히 잠들 수 있었던 평범한 날들이야말로 진정한 행복이었다 그 작은 순간들이 모여 비로소 우리의 삶을 만들어 가는 것이다

지극히 평범하다고 여겼던 순간들이
돌이켜 보면 다시 돌아가고 싶을 만큼 소중한 순간들이었다

행복은 멀리서 찾아야 하는 게 아니라
지금 내 곁에 머무르고 있는 것이었는데
우리가 너무 먼 곳만 바라보고 있던 건 아니었을까

행복은 결코 멀리 있지 않다 가까운 곳에 숨어 있는 기쁨을 미처 발견하지 못했을 뿐이다 그러니 당연하게 생각했던 순간들을 놓치지 말고 먼 훗날 시련이 다가오더라도 지금의 마음을 떠올리며 또 하루를 살아갈 힘을 얻을 수 있도록 모든 것을 소중히 여길 수 있도록 행복의 기반을 다져 나가야 한다

작가는 남몰래 아파했을 당신의 마음을 따뜻하게 다독이며 지금 이 순간 당신의 곁에 있는 사소한 것들 속에서 진정한 행복을 찾기를 염원한다 그럼에도 행복은 멀게만 느껴지고 때로는 세상에 홀로 남겨진 듯한 생각이 들기도 하겠지만 우리는 언제나 누군가의 따뜻한 온기를 느끼며 살아가고 있다는 것 그리고 행복은 늘 가까이에 있다는 사실을 잊지 않기를 바라며 당신에게 이 책을 선물한다

누구보다 당신이 정말로 잘됐으면 하는 마음에"
디 에센셜 키워드: 정의의 사람들,알베르 카뮈,민음사,"알베르 카뮈의 키워드로 오늘의 정의를 말하다
카뮈의 희곡 계엄령 외 1948년 초연 무대 화보 수록

카뮈의 정의를 설명하는 부조리 반항 사랑을 담다
카뮈의 서문 희곡 계엄령 소설 페스트 
산문 반항하는 인간 시지프 신화 안과 겉 발췌 수록

나는 아름다움을 행복을 사랑해 
그렇기 때문에 독재를 미워하는 거야
혁명 물론 해야지 그러나 그것은 삶을 위한 혁명 
삶에 기회를 주기 위한 혁명이야
 알베르 카뮈

코로나19의 긴 터널을 빠져나오자 계엄령이었다
 김화영

알베르 카뮈가 말하는 이 시대의 키워드 정의
1부 희곡 계엄령 2부 소설 페스트 3부 카뮈의 빛나는 산문들
 
 백성의 올곧은 소리를 담는다는 문학 출판사 민음사 사람은 책을 만들고 책은 사람을 만든다는 교보문고 한국 출판계를 대표하는 두 기업이 문학의 키워드를 통해 이 시대의 진정한 가치를 돌아보는 시리즈를 기획했다 첫 번째 키워드는 정의이다 우리에게 이 시대의 정의를 말해 줄 진정한 작가는 누구일까 부조리 반항 사랑의 주제를 통해 시대의 진정한 정의를 문학과 사상으로 실천해 온 행동하는 지성 알베르 카뮈 카뮈의 빛나는 희곡 소설 산문 등을 통해 2025년 오늘의 정의를 돌아보면 어떨까 카뮈의 정의를 가장 잘 드러내는 3가지 주제는 부조리 반항 사랑이며 특히 정의에 대한 카뮈의 실천이 극적으로 반영된 작품이 희곡 계엄령이다 카뮈는 2차 세계 대전 직후 전 세계로 퍼져 나간 전체주의 정권의 작동 방식을 비판하면서 희곡 계엄령을 통해 두려움을 이용한 복종의 메커니즘을 페스트로 의인화하여 비판했다 1948년 갈리마르에서 출판한 알베르 카뮈 계엄령LÉtat de siège은 장루이 바로의 요청으로 집필한 작품이며 카뮈의 소설 페스트La Peste의 각색이 아닌 새로운 창작 희곡이다 여기서 페스트는 은유적인 긴 독백을 통해 말하는 존재로 등장하며 젊은 독재자의 모습으로 표현된다 이번 에디션에 카뮈의 희곡 계엄령과 1948년 10월 27일 마들렌 르노 장루이 바로 극단에 의해 마리니 극장에서 처음으로 공연될 당시 사진들 그리고 오늘날 다양한 해석으로 재상연되는 연극 계엄령의 생생한 이미지를 총 24쪽의 화보로 구성하여 독자에게 계엄령이라는 절체절명의 위기 상황에서 정의를 행하는 이들의 모습을 생생하게 전달한다 

 카뮈의 희곡 계엄령이 독재 상황에서 물신화된 페스트의 모습을 통해 삶의 정의를 질문한다면 소설 페스트는 페스트라는 최악의 고립 상황에서 이웃과 삶을 구하며 자기 자신을 희생하는 정의의 사람들 의인들에 초점을 맞춘다 이 작품에서 카뮈가 말하는 페스트는 단순한 질병이 아니라 우리 안에서 자라나는 부정성을 환유한다 그러면서 전쟁과 전염병 앞에서 절망과 맞서는 것은 결국 행복에 대한 의지 즉 현실이 아무리 잔혹하다 할지라도 희망을 놓지 않고 자신의 길을 걸어가는 것이야말로 이 부조리한 세상에 대한 진정한 반항이며 우리 인간이 걸어가야 할 길임을 보여 준다 카뮈는 페스트에서 극한의 절망과 마주하며 보이는 다양한 인간상을 묘사하며 의사 리유의 입을 빌려 이렇게 말한다 내가 확실히 알고 있는 것은 사람은 제각기 자신 속에 페스트를 지니고 있다는 것입니다 왜냐하면 세상에서 그 누구도 그 피해를 입지 않는 사람은 없기 때문입니다 

 카뮈는 일찍부터 자신의 작품의 커다란 윤곽을 수첩에 다음과 같이 적어 두었다 
1 거부부조리 이방인 칼리굴라 오해 시지프 신화방법론적 회의 2 긍정반항 페스트 정의의 사람들 계엄령 반항하는 인간 3 사랑 지금 계획 중 집필 중 

 부조리 반항 사랑은 카뮈가 평생 천착한 주제이며 문학을 통해 지상의 정의를 실천하는 행동 강령이었다 카뮈에게 중요한 것은 어떻게 행동할 것인가 즉 윤리의 문제였기에 카뮈 문학을 이해하기 위해서는 산문들에 깃든 사상을 읽어내는 것이 중요하다 이번 에디션에는 카뮈의 에세이 반항하는 인간 시지프 신화 안과 겉의 하이라이트라 할 글들을 엄선하여 독자로 하여금 동시대의 정의로움을 문학적 철학적으로 사유하기를 권한다 카뮈에게 부조리와 반항은 동시적이다 그가 삶의 의미에 대해 질문하는 순간 부조리의 감정은 태어난다 그러나 동시에 삶의 무의미에 항의하는 반항도 태어난다 

 전쟁과 부조리 계엄령과 불의 그것에 반항하고 저항하는 정의로운 사람들 우리의 오늘에서 격동의 역사는 되풀이된다 오늘을 지키는 방법 정의를 지켜 나가는 혜안에 대해 카뮈의 문학은 온몸으로 반항한다 이방인과 시지프 신화에서는 부조리한 감정 이 헐벗음과 몰이해 고독 속에서 우리는 왜 계속 살아야 하는가라는 질문과 싸운다면 페스트와 반항하는 인간에서는 질문하는 개인에서 나아가 집단을 향해 다음과 같이 말한다 아니다non 우리는 존재한다 카뮈는 말한다 

반항은 모든 인간들 위에 최초의 가치를 정립시키는 공통적 토대다 
나는 반항한다 그러므로 우리는 존재한다 

 그렇다면 우리는 무엇을 위해 반항해야 하는가 정의로워야 하는가 카뮈는 이렇게 말한다 삶을 위해서 내 어머니를 위해서라고 나는 정의를 믿습니다 그러나 정의에 앞서 나의 어머니를 더 옹호합니다르몽드 1957년 12월 14일 자 카뮈는 이념과 폭력적 대립이 아니라 진정한 삶을 위한 정의 내 어머니와 가족을 지키는 정의 그리고 가난한 자를 지켜 주는 정의를 말한다 카뮈의 정의는 부조리를 물리치고 반항하는 자가 되어 사랑을 향해 나아간다 

여자 모두 함께 말한다 정의라는 것은 어린아이들이 배불리 먹고 추위에 떨지 않는 것 정의라는 것은 우리의 어린것들이 살아 나가는 것 나는 그 아이들을 환희의 땅에 낳아 놓았네 바다는 그들에게 세례의 물을 주었네 그 아이들에게 다른 재화는 필요 없다네 어린아이들을 위해서 내가 바라는 것은 일용할 빵과 가난한 사람들의 잠뿐이라네 하찮은 그것마저 당신은 거절하네 당신이 불행한 사람들에게 빵마저 거절한다면 그 어떤 사치로도 그 어떤 멋진 말로도 그 어떤 신비스러운 약속으로도 당신의 그 죄는 용서받지 못하리 계엄령 중에서
 
 이번 정의의 사람들 출간을 기념하여 김화영 역자는 긴 서문을 써서 보내 주었다 그 글의 첫 문장은 이것이다 코로나19의 긴 터널을 빠져나오자 계엄령이었다 가와바타 야스나리의 소설 설국의 첫 문장을 곁눈질해 본 이 한마디는 우리가 최근 오 년간 살아낸 그리고 현재 진행 중인 나쁜 꿈처럼 길고 괴이한 드라마의 요약인 동시에 우리 모두의 자화상이다 이 책은 문학의 형식을 빌린 신화에 오늘 우리의 삶을 비추어 성찰해 보려는 시도의 하나라고 이어 이렇게 말한다 역사는 지루하게 되풀이되는 것일까 인간의 삶은 몇 가지 단순하고 거대한 주제 혹은 상징들을 중심으로 인물과 시간과 무대를 바꾸어 변주하고 신화를 새롭게 해석하는 것일까 지나간 과거가 인물과 시간과 무대를 바꾸어 변주를 거듭할 때 현재의 우리가 해야 할 일은 무엇일까 우리는 어떻게 이 시대의 정의를 지킬 수 있을까 김화영 역자는 카뮈가 다짐한 이 문장으로 그 이유를 가름한다 한 어머니의 저 탄복할 만한 침묵 그리고 그 침묵에 어울릴 수 있는 정의 혹은 사랑을 찾으려는 한 사나이의 노력을 다시 한번 더 그 작품의 중심으로 삼아 보리라"
마흔에게 (인생의 한여름을 버티는 당신에게 노시인이 남기는 행복할 의지의 말들),나태주,북폴리오,"내가 가장 믿고 싶은 격려의 말이 이 책에 있습니다
_ 나민애 교수

여든의 시인이 시리고 뜨거운 마흔을 건너는 이들에게 전하는
어른의 위로와 믿고 싶은 격려

국민시인 나태주가 산문집 마흔에게를 출간했다 2025년 만 80세를 맞이해 자신의 절반 즈음의 인생을 살고 있는 이들에게 남겨주고 싶은 이야기를 엮은 것이다 
길어진 수명 길어진 인생 나이에 대한 개념이 바뀌고 있는 상황에서 마흔은 아직 젊게 느껴지는 나이다 하지만 실제로 마흔을 건너는 사람에게는 느낌이 또 다를 터 계절에 비유하자면 짙어지는 초록처럼 시리도록 뜨거운 한여름을 버텨내고 있는 시기처럼 느껴지지 않을까 분명한 건 인생의 전환기라는 생각이 드는 시점이라는 것이다 그런 마흔에게 시인은 조금씩만 더 살아보자라고 말한다 고달픈 순간이 와도 크게 당황하거나 멈추지 말고 그저 조금씩만 앞으로 나아가면 된다고 지금 필요한 격려를 건넨다 

많은 날들 살아오면서 보고 듣고 느낀 것들을 이 책에 적어 인생의 터닝포인트에 선 젊은 당신들에게 주려고 그런다 책머리에 중에서

노시인이 전하고픈 이야기는 인생 수업이라거나 인생 철학이라거나 하는 거창한 이야기가 아니다 그저 마흔의 삶을 건너면서 감겨드는 작고 사소한 이야기들이다 불어오는 바람 지나가는 흰 구름 피어 있는 꽃 한 송이에서도 감사와 행복을 말하는 시인의 목소리에서 우리는 지금의 인생을 기꺼이 사랑하는 힘을 배우게 된다 이제 겨우 어른이라고 불릴 만한 마흔보다 두 배를 더 산 진짜 어른이 주는 위로와 격려 인생의 뜨거운 한여름을 건너는 마흔에게 무엇보다 필요한 힘이 되어줄 것이다"
모든 것이 양자 이론 (세상을 이루는 17가지 기본 입자 이야기),곽재식,지식의숲,"소설 쓰는 과학자 곽재식이 들려주는 쉽고 재밌는 양자 이론 이야기 
 전자부터 힉스 입자까지 17가지 우주 기본 입자들의 이야기

현대 과학 역사상 가장 완벽하다는 양자 이론 하이젠베르크의 획기적인 논문을 기준으로 2025년은 양자역학 탄생 100주년이 되는 해다 UN에서는 양자역학의 중요성을 강조하며 2025년을 국제 양자과학기술의 해로 지정했다 양자역학의 원리를 기반으로 한 양자과학기술은 현재 인공지능 신약 개발 등 여러 분야에서 응용되며 주목받고 있는 핵심 기술이다 이것은 근본적으로 양자 이론을 토대로 하고 있다 그러므로 양자 이론은 현대 과학을 이해하고자 하는 사람이라면 반드시 알아야 할 중요한 개념이라고 할 수 있다 
양자 이론은 물질과 에너지가 어떻게 상호작용하는지를 설명하는 이론이다 이 세상을 구성하는 기본적인 재료는 총 17가지의 작은 입자로 이루어져 있다 이 입자들이 세상에서 어떻게 움직이는지를 규명하는 규칙이 바로 양자 이론quantum theory이다
이 책은 17가지 기본 입자들을 하나하나 소개하면서 우리 가까이에 있는 여러 가지 현상들을 알려주고 그것들이 우리의 주변에서 어떤 역할을 하고 있는지를 상세하게 들려주고 있다 또한 어렵고 복잡한 과학 이론을 그대로 설명하지 않고 주제와 관련된 일화와 그 주제를 연구한 과학자들의 인생 이야기를 곁들여 더욱 친근하게 풀어냈다 

다수의 작품을 발표한 소설가이자 여러 대중매체에서 활발히 활동하고 있는 저자는 이 책에서도 재치 있고 유쾌한 이야기꾼으로서의 재능을 한껏 발휘하고 있다 2천 년 전의 역사 기록인 삼국유사삼국사기 그리고 조선왕조실록을 바탕으로 당시의 사건과 논쟁거리 백성들을 놀라게 한 자연현상들을 설명하며 그렘린환상특급터미네이터와 같은 친숙한 영화 이야기를 통해 기본 입자들을 설명한다 또한 20세기 현대 과학에 크게 이바지한 한국인 과학자들의 열정적인 생애와 업적들에 대해서도 들려준다 
현대 과학이 밝혀낸 우주의 힘은 중력 전자기력 강력 약력 총 네 가지이다 이 중에서 강력 이론과 약력 이론에 큰 기여를 한 한국인 과학자 한무영과 이휘소의 업적은 특히 주목할 만하다 특히 입자 이론 발전에 지대한 공을 세운 이휘소의 일대기와 활약은 감탄을 자아낸다 모스펫MOSFET을 발명하여 미국 발명가 명예의 전당에 이름을 올린 강대원 박사 등의 이야기도 흥미롭다 
조선시대 화가 김득신의 그림 밀희투전을 통해 양자 이론의 한 현상인 양자 얽힘을 설명하는 부분도 인상적이다 양자 얽힘은 모든 이론과 논리적인 생각의 바탕을 되돌아보게 만들고 이성적인 판단의 근원인 인과율 시간의 순서 원인과 결과의 관계에 대한 깊은 성찰을 이끌어낸다 

전자부터 힉스 입자까지 저자가 들려주는 17가지 기본 입자의 이야기를 따라가다 보면 현대 과학의 역사적인 순간을 마주하게 될 것이다 또한 우리의 삶과 인생이 우주의 거대한 시공간과 연결돼 있음을 깨닫게 될 것이다 우연적이고 불연속적이고 확률적인 이 세계에 독자 여러분을 초대한다"
모든 계절의 물리학 (보이지 않는 세상을 보는 유쾌한 과학의 세계),김기덕,다산북스,"누구나 하루에 한 번은 물리학자가 된다
독일 막스플랑크연구소의 물리학자가
일상이라는 세계를 물리학의 시선으로 새롭게 본 과학 교양서

이 책은 물리학을 사랑한 나머지 진짜 물리학자가 된 저자가 평범한 일상에 숨은 경이로운 물리학의 세계를 파헤쳐 소개하는 책이다 단지 흥미로운 과학 이야기들을 나열하는 것이 아니라 봄 여름 가을 겨울 등 사계절을 둘러싼 익숙한 장면들이 물리학이라는 언어로 새롭게 탄생하는 경험을 제공한다 이를 통해 저자는 눈에 보이지 않는 작고 정교한 법칙들이 세상을 움직이며 우리가 무심코 지나친 인생의 모든 순간에 존재해 왔음을 이야기한다 마치 한 편의 산문집을 읽듯 책을 읽다 보면 어느새 물리학은 이해가 아닌 본능적인 감각으로 받아들여질 것이다"
모순 (양귀자 장편소설),양귀자,쓰다,"본 도서의 표지 색상은 2쇄를 주기로 변경됩니다 등록된 이미지와 다른 색의 표지가 발송될 수 있습니다

인생은 살아가면서 탐구하는 것

양귀자 소설의 힘을 보여준 베스트셀러 모순 1998년에 초판이 출간된 이후 132쇄를 찍으며 여전히 많은 사랑을 받고 있는 작품을 오래도록 소장할 수 있는 양장본으로 새롭게 선보인다 스물다섯 살 미혼여성 안진진을 통해 모순으로 가득한 우리의 인생을 들여다본다 작가 특유의 섬세한 문장들로 여러 인물들의 삶을 생생하게 그려내고 있다

시장에서 내복을 팔고 있는 억척스런 어머니와 행방불명 상태로 떠돌다 가끔씩 귀가하는 아버지 조폭의 보스가 인생의 꿈인 남동생을 가족으로 둔 안진진 어머니와 일란성 쌍둥이인 이모는 부유하지만 지루한 삶에 지쳐 있고 가난한 어머니는 처리해야 할 불행들이 많아 지루할 틈이 없다 안진진은 사뭇 다른 어머니와 이모의 삶을 바라보며 모순투성이인 삶을 어떻게 이해해야 하는지 고민하기 시작하는데"
"무굴 제국의 역사 (인도를 지배한 마지막 거대 제국, 무굴! 황금과 피로 쓴 제국의 역사, 세계를 압도한 찬란한 문명의 절정)",마이클 피셔,더숲,"지금 우리는 왜 무굴 제국을 알아야 하는가
인도를 지배한 마지막 거대 제국 무굴
세계를 압도한 찬란한 문명의 절정
무굴 제국의 역사를 총망라한 국내 최초의 책

오늘날 세계는 인도를 주목하고 있다 세계 인구 1위 빠르게 성장하는 주요 경제국 중 하나 세계 최대의 민주주의 국가이자 미국과 중국 사이에서 전략적 균형을 이루는 외교 강국 국제 안보와 경제 질서 재편의 중심에 인도가 있다 그렇다면 이 눈부신 도약의 뿌리는 어디에 있는가 그 해답은 무굴 제국에 있다 
이 책은 무굴의 시작부터 멸망까지를 다룬 국내 최초로 소개되는 통사다 무굴 제국은 단순한 왕조가 아니다 힌두교와 이슬람 수많은 언어와 민족이 뒤섞인 광대한 대륙을 융합과 포용 공존의 방식으로 통합하고 통치했던 거대한 정치 실험장이었다 또한 세계 GDP의 약 4분의 1을 차지했던 초강대국 세계 무역의 중심지이자 유럽보다 두 배 많은 인구 유럽 3분의 1에 달하는 광대한 영토 개혁과 혁신을 통해 확립한 강력한 행정 제도 문화와 종교의 융합 속에서 꽃핀 정치예술사상의 황금기 이 모든 것이 무굴 제국이었다 무굴 제국은 인도가 가난한 나라가 아니라 유럽 열강이 동경했던 황금의 땅이었음을 보여 준다 

인도는 풍성한 인구와 자원을 바탕으로 17세기의 무굴 제국처럼 세계 경제의 선두권에 부상하고 있다 무굴 제국을 들여다보면 인도라는 나라가 단순한 신흥 강국이 아닌 찬란한 문명의 맥을 이은 존재임을 알게 된다 그 순간 세계사는 더 이상 유럽의 독무대가 아니게 된다 세계사의 축을 서쪽에서 동쪽으로 옮겨 봄으로써 지금의 세계 질서를 새롭게 바라볼 수 있는 기회가 될 것이다"
미국 주식이 답이다 2026 (차근차근 부자 되는 미국 주식투자 입문서),장우석^이항영,페이지2북스,"넥스트 엔비디아 테슬라를 찾아라
미주미가 뽑은 2026년을 주도할 미국 유망 기업 대공개

 투자자들이 뽑은 해외 주식 멘토 1위 미주미의 개정 신간 
 Since 2016 미국 주식 분야 부동의 스테디셀러 
 2026년을 주도할 유망 종목 ETF 29 대공개 

기초 상식부터 포트폴리오 구성까지 한 권으로 끝내는 미국 주식 A to Z
여전히 미국 주식이 답이다"
바다의 황제 (쿠빌라이 칸은 어떻게 유목 제국을 해양 초강국으로 변모시켰는가),잭 웨더포드,책과함께,"그는 세계를 정복하고 싶었고 바다는 마침 그 중간에 있었다
칭기스 칸 이래 가장 위대한 정복자 쿠빌라이 칸
역사의 무대를 육지에서 바다로 옮기다

유목 제국 몽골과 바다는 어울리지 않는 조합처럼 들린다 그러나 몽골인의 최고 통치자를 일컫는 칭호 달라이 칸 즉 바다의 황제를 현실로 만든 유일한 인물이 있었으니 바로 칭기스 칸의 손자 쿠빌라이 칸이다 그는 불가능해 보였던 남송 정벌을 성공해내면서 제국이 바다로 나아갈 발판을 마련했다 중국식 제도를 비롯해 적국과 피정복민의 기술문화를 수용하고 외국인도 등용하며 제국의 운영 방식을 근본적으로 혁신했고 이를 바탕으로 상업 기반의 재정 체계를 마련하고 수군을 육성해 새로운 전략을 펼쳤다 그에게 바다는 끝이 아니라 정복 사업을 완성해가는 또 하나의 무대였다
세계적인 몽골사 권위자 잭 웨더포드는 새로운 해양 질서를 일구어가는 과정으로서 쿠빌라이 칸의 일대기를 그린다 쿠빌라이 칸은 사할린에서 페르시아만에 이르는 해상 무역망을 장악했고 그가 세운 원나라는 이후 세계사 속 해양 제국들의 표본이 되었다 쿠빌라이 칸은 유목 제국의 경계를 최초로 넘어선 지도자이자 새로운 제국의 첫 설계자였다 더불어 고려의 역사 신안 난파선 일본 정벌 같은 우리에게 익숙한 이야기를 색다른 맥락에서 만나는 재미도 있다"
바움가트너 (폴 오스터 장편소설),폴 오스터,열린책들,"2024년 4월 30일 폴 오스터가 세상을 떠난 뒤
그의 1주기에 맞춰 출간되는 생애 마지막 작품

기억과 삶 상실과 애도 우연과 순간을 엮어 나가며
삶을 둘러싸고 있는 관계와 사랑에 대한 애틋한 사유를 전하는
폴 오스터의 빛나는 최종 장章

이것은 삶을 가득 채우는 부재와 지속되는 상실의 기록이다 당연한 슬픔이 있지만 단지 슬픔만이 있는 것은 아니다 그 상실 속에서도 바움가트너는 그리고 오스터는 상상력의 힘 아니 그냥 간단하게 꿈의 힘을 발견한다 허구이지만 진실보다 더 강력한 그 무엇을 금정연작가

떠오르는 미국의 별이라는 찬사 속에 데뷔하여 반세기 넘도록 소설과 산문 모두에서 발군의 기량을 발휘하며 미국 문학을 대표하는 작가로 견고히 자리 잡은 작가 폴 오스터 그가 투병 중 끝을 예감하며 집필한 생애 마지막 장편소설 바움가트너가 정영목 씨의 번역으로 열린책들에서 출간되었다 폴 오스터 1주기에 맞춰 출간된 이 작품은 은퇴를 앞둔 노교수 사이 바움가트너를 통해 상실과 애도 기억과 현재 시간의 흐름과 삶의 의미를 내밀한 시선으로 담아냈다 초기작들을 연상시키면서도 삶의 막바지에 이른 작가의 원숙한 사유 또한 보여 준다는 평가를 받은 이 소설은 이상한 사건 사고가 연달아 일어난 어느 날 까맣게 그을린 냄비를 바라보던 바움가트너에게 문득 인생의 사랑이었던 아내에 대한 기억이 점화되며 시작된다
정원사라는 뜻을 가진 그의 성씨와 같이 바움가트너는 기억의 정원 속 나뭇가지처럼 얽혀 있는 삶의 단편들을 하나씩 찾아간다 소설은 1968년 뉴욕에서 가난한 문인 지망생으로 아내를 처음 만난 이후 함께한 40년간의 세월 그리고 뉴어크에서의 어린 시절부터 양장점 주인이자 실패한 혁명가였던 아버지에 대한 회상까지 한 인물의 일생을 톺아보며 그의 내적인 서사를 따라간다 폴 오스터가 평생 동안 다뤄 왔던 주제인 글쓰기와 허구가 만들어 내는 진실과 힘 그리고 우연의 미학에 대한 사유가 간결하고 섬세하게 집약된 이 마지막 유작은 죽음 앞에서 써 내려간 상실과 기억에 관한 소설이기에 더욱 절실하고 강렬하다 이제 폴 오스터라는 소설가를 떠나 보낸 독자들에게 바움가트너는 말한다 그게 상상력의 힘이야 아니 그냥 간단하게 꿈의 힘"
바이오 패권경쟁(MK에디션) (대한민국 재도약의 갈림길),매일경제 국민보고대회팀,매일경제신문사,"급변하는 바이오 산업의 핵심 트렌드를 읽는다
어떻게 바이오 시장을 선점할 것인가
바이오 패권 시대를 대비하는 전략 인사이트

무병장수는 인류가 오랫동안 갈망해온 꿈이다 과거 연금술의 시대 단지 꿈에 불과했던 것들이 현대 과학과 바이오 기술이 비약적으로 발전하면서 이제는 실현 가능한 목표가 되고 있다 특히 유전자 치료 항노화 기술 인공지능AI 기반 신약 개발 등은 인간 수명 연장과 건강 혁명의 핵심 열쇠로 떠올랐다
이제 전 세계는 바이오산업 발전이 차세대 국가 경쟁력의 필수 요건이라 보고 총력전을 벌이고 있다 미국 유럽 일본은 물론 빅테크 기업들까지 바이오 패권 경쟁에 뛰어든 상황이다 그러나 한국은 아직 제조업 중심 경제에 머무르고 있어 이 흐름을 따라가지 못하면 미래 생존 자체가 위협받을 수 있다 이 책은 K바이오가 세계를 선도하기 위해 어떤 전략이 필요하고 또 어떤 방향으로 나아갈지를 명쾌하게 제시한다 바이오 산업의 현재와 미래를 통찰하고 한국이 글로벌 경쟁에서 승리할 수 있는 방향을 탐색하고 전망하는 것이 핵심이다 이 책은 바이오 산업에 관심 있는 경영자 투자자 연구자는 물론 미래 산업의 흐름을 읽고자 하는 모든 이들에게 필독서가 될 것이다 바이오 패권 경쟁의 트렌드와 바이오 시장에서 승자가 되는 길 그 실질적 전략을 이 책에서 찾아볼 수 있을 것이다"
"벌거벗은 세계사: 과학편 (벗겼다, 세상을 바꾼 위대한 발견!)",tvn<벌거벗은세계사>제작팀^구지훈^김응빈^남성현^맹성렬^박민아^염운옥^윤성효^이두갑^홍성욱,교보문고,"벌거벗은 세계사 이번에는 과학편이다
인간의 끈질긴 호기심과 욕망 집중력 등이 한데 뭉친
눈을 뗄 수 없는 과학의 놀라운 역사가 펼쳐진다

이 세상에 그냥 일어나는 일은 아무것도 없습니다 우리 눈에 보이든 보이지 않든 모든 일은 저마다 연결되어 있습니다 이러한 일들이 차곡차곡 쌓인 것을 우리는 역사라고 부릅니다 지금도 세계지도는 수많은 변곡점을 거치며 끊임없이 그러나 누구도 예상하지 못한 방향으로 바뀌고 있습니다 세계사를 뒤바꾼 놀라운 순간의 곳곳에는 과학이라는 새로운 세상이 존재합니다 인간의 끈질긴 호기심과 욕망 집중력 등이 한데 뭉친 과학적 발견을 따라가다 보면 역사의 흐름을 이해할 수 있습니다
벌거벗은 세계사 과학편은 그러한 의도를 담아 tvN 최고의 교양 프로그램인 벌거벗은 세계사에서 다뤘던 내용 중 과학에 관한 사건들을 모아 만든 것입니다 우리가 살고 있는 지구 인간의 생명 산업혁명 인간이 등장하기 전의 시대 생물의 진화 화학과 물리학 고생물학 지질학 환경 오염 등 다양한 주제를 세계사와 과학 지식을 넘나들며 새로운 시각에서 이야기합니다 지구상 가장 강력했던 지배자인 공룡의 숨겨진 비밀부터 과학 발전이 낳은 인류 최악의 발명품인 핵무기에 관한 놀라운 사실까지 소설보다 재미있는 세계사 속 과학 벗기기가 입체적으로 펼쳐집니다 특히 시간 관계상 방송에서 미처 보여주지 못했던 내용까지 상세하게 정리해 세계를 움직여 온 과학적 발견과 우리가 몰랐던 과학의 뒷모습까지 확인할 수 있습니다
역사란 스포일러가 넘치고 결말이 이미 정해져 있는 이야기입니다 그럼에도 눈을 뗄 수 없는 것은 다양한 시각으로 해석할 수 있기 때문입니다 벌거벗은 세계사 과학편은 역사의 카테고리 안에서도 매우 큰 영역을 차지하는 과학의 세계를 새로운 시선으로 바라보며 속속들이 파헤칩니다 외우지 않아도 쏙쏙 들어오는 이야기를 통해 이제껏 당연하게 받아들여졌던 역사의 이면과 과학 지식을 탐구하기 바랍니다 책장을 펼치는 순간 아는 것을 넘어 경험으로 안내할 것입니다"
변신(초판본)(1916년 오리지널 초판본 표지디자인) (1916년 오리지널 초판본 표지디자인),프란츠 카프카,더스토리,"세상에서 소외되어 버림받은 인간 탐구
치열한 삶을 살았던 실존주의 대표 작가의 걸작

세상에서 소외되어 버림받은 인간을 탐구하는 카프카의 변신이 더스토리 1916년 오리지널 초판본 표지디자인으로 새롭게 출간되었다 이 책에 실린 9편의 작품들에는 평생 아버지와 대립을 겪으며 작가의 길과 생활인의 길에서 방황한 카프카 자신의 고뇌가 녹아 있다 결국 그는 독자들에게 태어나자마자 주어진 사회라는 테두리 안에서 적응하면서 본래의 자신을 잃어버리고 살아가느냐 아니면 그것을 부정하면서 자신의 꿈에 도전하면서 살아가느냐에 대한 끊임없는 고민을 숙제로 남겼다"
"부동산 매매사업자 처음 시작합니다 (비과세부터 대출까지, 1000개의 질문에 답하다)",재편,가디언,"비과세부터 복식부기 재고자산 대출까지
부동산 매매사업자 질문 1000개에 답하다

고금리와 부동산 시장 침체 경매 매물이 쏟아지는 요즘 많은 이들이 부동산 매매사업자에 도전한다 하지만 네이버에도 유튜브에도 아무리 찾아도 매매사업자에 대해 알려주는 곳이 없다 도대체 어디서부터 시작해야 할지 막막한 초보자들을 위해 부동산 매매사업자 처음 시작합니다가 세상에 나왔다

저자는 실제 부동산 투자자들의 질문 1000개를 수집해 분석 그중 가장 많이 묻고 가장 필요한 핵심 질문 152개를 추려 질문답변 형식으로 정리한다 매매사업자 기본 개념부터 시작하여 사업자등록 세금 복식부기 재고자산 비용처리 개인법인 4대보험 그리고 가장 궁금해하는 대출까지 매매사업자에게 필요한 모든 내용을 다룬다

특히 사업자등록을 할 때 주의할 점 세금 신고 시 흔히 저지르는 실수 매매 시 유의해야 할 사항 등 헷갈리기 쉬운 정보를 구체적으로 설명하여 초보 매매사업자가 실수를 줄이고 성공적인 사업을 할 수 있도록 돕는다 매매사업을 처음 시작하는 이들에게 부동산 매매사업자 처음 시작합니다는 필수 지침서가 될 것이다"
부의 전략 수업 (돈에 휘둘리지 않고 살아남는 15가지 시스템),폴 포돌스키,필름(Feelm),"돈은 따라가는 것이 아니라 설계하는 것이다

헤지펀드의 대부 레이 달리오가 주목한
자수성가의 아이콘 폴 포돌스키
누구나 지속가능한 부를 만들 수 있는
실전적이고 명쾌한 돈의 구조 심리 전략의 수업

부의 전략 수업은 헤지펀드의 대부인 레이 달리오가 주목한 월스트리트의 새로운 자수성가 아이콘 폴 포돌스키의 부에 관한 예리하고 실전적인 내용을 담은 책이다 우리는 모두 부를 원하지만 그것은 얻기 쉽지 않다 하루가 다르게 빠르게 변화하는 세계는 투자를 불확실하게 만들고 끊임없이 변하는 자산의 가치는 미래를 예측하기 힘들게 만든다 그리고 이 불안은 돈이 많아질수록 오히려 더 커진다 더 벌고 싶다는 우리의 욕망도 끝이 없고 만족은 점점 멀어진다 이제 문제는 돈 자체가 아니라 돈을 대하는 우리의 태도다
부의 전략 수업은 일확천금이 아닌 지속 가능한 부를 만드는 방법을 탐구한다 돈이 우리의 삶을 어떻게 지배하는지 그리고 우리가 어떻게 돈의 주인이 될 수 있는지를 보여준다 단순히 돈을 버는 것을 넘어 돈을 다루는 법과 부를 유지하는 전략을 전한다
이 책은 재테크 기술을 넘어 돈과 삶을 바라보는 근본적인 시각을 변화시킨다 경제적 자유를 이루는 핵심 원리와 실전 전략을 통해 독자는 돈에 휘둘리는 사람이 아닌 돈을 통제하는 사람이 될 수 있다
지속 가능한 부를 원하는가 그렇다면 이제 돈을 보는 시선을 바꿔야 한다"
부자는 왜 더 부자가 되는가,로버트 기요사키,민음인,"트럼프 20시대를 맞이하는 부자 아빠의 眞 금융 마인드

부자 아빠 가난한 아빠가 초등학교였다면
이 책 부자는 왜 더 부자가 되는가는 대학원이다

불확실성이 증가하고 부자와 중산층 빈곤층의 빈부격차가 심화되는 시대에 꼭 필요한 진정한 금융 교육의 핵심을 담은 부자는 왜 더 부자가 되는가가 민음인에서 출간되었다 이 책은 전 세계에서 4천만 부 이상 판매된 재테크 밀리언셀러 부자 아빠 가난한 아빠 시리즈로 중산층과 빈곤층이 위기에 처할 때도 부자가 더욱 부유해지는 차이점이 세금 시장의 폭락 부채를 적극적으로 활용하는 부자들의 금융 마인드에 있음을 밝힌다 또한 돈의 언어를 읽고 이해하는 금융 문해력 포르쉐 경제학과 유령 소득 등 새로운 금융적 사고법을 일깨워 주며 실질적인 금융 교육을 이끈다

기요사키는 좋은 학교에 가서 취직하고 열심히 일해서 빚을 갚고 주식시장에 장기 투자하라는 기존의 성공 공식이 오늘날 더 이상 유효하지 않다고 지적한다 세계화로 인해 생산직 일자리는 이미 중국 인도 멕시코 등으로 이전되었고 로봇 기술의 발전으로 사무직 일자리마저 위협받고 있기 때문이다 저자는 돈을 무한정 찍어 내는 통화 정책으로 경제를 부양하던 시기는 끝났다고 진단하며 부자만 더욱 부자가 되는 오늘날이야말로 돈을 위해 일하지 않는 부자 마인드로의 전환이 중요하다고 역설한다

저자는 본인과 마찬가지로 부자 아버지 밑에서 실질적인 금융 교육을 받으며 성공을 이룬 트럼프 대통령을 책 곳곳에서 언급한다 실제로 기요사키와 트럼프 대통령은 물고기를 주는 것이 아닌 물고기 잡는 법을 가르쳐야 한다는 철학과 오늘날 금융 교육의 현실에 깊은 우려를 느끼고 진정한 금융 교육의 필요성을 강조하는 두 권의 책을 같이 집필하기도 했다 저자는 트럼프 대통령이라 할지라도 모든 개인의 경제적 어려움을 해결해 줄 수는 없으므로 각자가 금융 문해력과 금융 IQ를 높여 스스로 삶을 개척할 수 있어야 한다고 말한다 트럼프 20 시대를 맞아 현재의 상황을 위기가 아닌 부자 마인드를 기르는 새로운 기회로 삼고자 하는 이들에게 이 책이 분명한 지침이 될 것이다

학교에서는 배울 수 없는 금융 문해력을 키워라

기요사키는 오늘날 더욱 벌어지고 있는 부유층과 다른 계층 간의 격차는 도덕적인 위기이자 사회적인 시한폭탄이라고 경고한다 이 책은 학교에서는 돈에 대해 무엇을 가르쳐 주는가라는 근원적인 질문을 던지며 자신이 학교에서 또 가난한 아버지에게서 배울 수 없었던 금융 교육에 대한 경험을 바탕으로 진정한 금융 교육이란 무엇인지 추적한다 저자는 돈은 또 하나의 언어라는 관점에서 돈의 언어를 읽고 이해하는 능력인 금융 문해력financial literacy을 강조하고 돈의 역사와 은행 시스템의 작동 원리를 설명하며 부자들이 실제로 활용하는 세금 전략과 부채 운용법을 일반적인 금융 상식과 대비해 명확하게 보여 준다 책에는 전 세계 컨퍼런스에서 재정 및 세금 관리에 대한 혁신적인 접근법을 강연하고 있는 공인회계사CPA 톰 휠라이트의 실전 세무 팁 사람들이 자주 하는 질문에 대한 기요사키의 문답도 담겨 있어 독자들이 교육적경제적 도전을 헤쳐나가는 데 실용적인 도움을 받을 수 있다

 

새로운 금융적 사고 포르쉐 경제학과 유령 소득

기요사키는 소비를 단순 지출로만 보는 전통적인 사고방식을 뒤집고 자산을 활용해 부를 증대시키는 혁신적인 접근법과 새로운 개념들을 제시한다 저자는 실제 자신이 부채 부담 없이 포르쉐를 소유하며 순자산을 증가시킨 일화를 소개하며 물건을 바로 구매하는 대신 자산미니 창고을 먼저 확보하고 해당 자산의 현금흐름임대 수입으로 부채자동차 대출금를 상환한 방식을 알려 준다 또한 눈에 보이지 않는 소득을 뜻하는 유령 소득이라는 개념을 통해 부채와 자산 가치 상승 감가상각 혜택 등을 활용해 세금을 절감하고 부를 축적하는 구체적인 방법들도 알려 준다 유령 소득은 세율이 낮거나 세금이 없는 방식을 택해 간접적인 수입을 얻고 자산 매각 없이도 자본을 확보할 수 있다는 점에서 자본 활용을 극대화할 수 있는 효율적인 방법이다 저자 본인이 부자 아빠 가난한 아빠가 초등학교였다면 이 책 부자는 왜 더 부자가 되는가는 대학원이라고 강조한 만큼 이 같은 새로운 금융적 사고 및 고급 투자 지식을 통해 부를 효과적으로 증대시키는 전략으로 유용하게 활용할 수 있을 것이다"
부자의 관점 (사이토 히토리의 역발상 부자론),사이토 히토리,나비의활주로,"부자의 시각으로 세상을 바라보고 행동하면 부는 저절로 따라온다
 사이토 히토리 저서 중 가장 독자들에게 사랑 받는 베스트셀러
 괴짜 부자 별난 사업가 사이토 히토리가 말하는 부자되는 통찰력 마음가짐 및 실천법
사이토 히토리식 즐겁고 행복한 부자되는 법

건강식품 제조회사인 긴자 마루칸의 창업자 괴짜 부자 별난 사업가 그리고 일본에서 여러 해 연속 납세액 1위 이는 모두 긴자마루칸의 대표이자 이 책의 저자인 사이토 히토리에 관한 수식어이다 하지만 그의 학력은 중학교 졸업이 전부이다 더불어 그는 미스테리한 인물로도 유명하다 그의 진짜 모습을 본 사람은 극히 드물고 대중 앞에 모습을 거의 드러내지도 않는다 하지만 이미 일본과 우리나라에서 여러 권의 저서가 베스트셀러가 되면서 다양한 계층의 독자와 팬을 확보하고 있다 그는 저서를 통해 우리에게 그만의 독특한 인생관을 전하고 있으며 그를 따르는 제자들을 통해 삶과 부 세상에 관한 통찰을 이야기하기도 한다 
 이 책 사이토 히토리의 역발상 부자론 부자의 관점은 사이토 히토리 저서 중 가장 독자들에게 사랑 받는 베스트셀러로 현재 중고 시장에서 높은 가격으로 거래되고 있다 사이토 히토리는 행복 마음 인간관계 경제 일 세상의 이치 등의 분야에서 인생에서 중요한 것들에 대한 솔직한 가치관을 전하며 어떤 것이 바람직한 삶인가의 관점에서 궁극적으로 누구나 원하는 삶의 방향을 알려준다
 그는 이 책에서 남자는 여자를 좋아하고 여자는 옷을 사는 것을 좋아하는 것은 당연한 이치理致라며 이 같은 이치를 거부하면 불행해질 수 있다고 하거나 인생의 경쟁과 관련해서 저자는 편도 3차선 고속도로라면 2차선 정도로 가면된다 1차선은 사고 위험이 높고 3차선으로 가면 너무 뒤처지게 된다고 말한다 적당하게 자신의 페이스로 인생에서 경쟁하는 것이 낙오되거나 좌절할 위험이 적다는 의미다

이처럼 다소 엉뚱하게 느껴지는 그의 이야기에는 묘한 매력과 끌림이 있다 그가 쓴 책 한 권을 읽으면 그에 대해 더욱 알고 싶어져서 결국 그의 책은 모조리 찾아 읽는 팬이 되어버리기도 한다 특히 당연하다고 여겨지는 것들에 대해 고맙다고 생각해 보라고 하거나 타인에게 이익을 주는 사람이 성공한다는 내용은 넓은 시각으로 타인을 이해하려는 관점을 갖게 한다
그는 행복을 느끼는 레이더의 감도를 항상 높여두는 것이 중요한데 레이더의 감도가 떨어지면 눈앞에 있는 행복을 놓치게 되지만 감도를 높이면 자신의 주변에 얼마나 많은 행복이 있는지 알게 된다고 더불어 자신처럼 운 좋은 사람은 없을 거야라고 말한다 이 세상은 무슨 일이 있어도 나는 행복하다고 생각하기 위해 수행하는 곳이며 그래서 자신에게 일어난 일은 모두 행복이라고 여긴다 이러한 그의 긍정적이고도 남다른 마인드가 거대한 부를 이끈 원동력이라고 이해하게 된다
 이처럼 책 전반에 걸쳐 풍요롭고 행복한 인생은 무엇인가에 관해 자신만의 독특한 시각으로 진솔하게 얘기한다 다소 엉뚱하게 느낄 수 있는 그의 얘기에 의아할 수도 있기에 그는 저에게 이 모든 것은 상식이고 진실입니다라고 거듭 강조한다 하지만 읽다 보면 일본 제일의 부자 사이토 히토리의 시각으로 세상을 바라보고 행동하면 부는 저절로 따라오는 것이겠구나 하고 자연스럽게 이해하게 될 것이다"
분쟁 지역을 읽으면 세계가 보인다 (국제정치 전문가 김준형의 세계 10대 분쟁 이야기),김준형,날,"전쟁이나 분쟁을 일으킨 건 정치인인데
왜 그 뒷감당은 국민이 해야 하는 것일까

국내 최고의 국제정치 전문가가 들려주는 
분쟁과 평화에 관한 이야기

인류 역사에서 전쟁이 없었던 기간은 고작 몇백 년 되지 않는다 그만큼 인류는 끊임없이 싸워 왔다 이유가 뭘까 자원이 한정돼서 종족이 달라서 패권이 달라져서 등 이유는 많다 문제는 전쟁이나 분쟁을 일으킨 건 정치인들인데 그 피해는 오롯이 백성 국민이 입는다는 것이다 전쟁이나 분쟁으로 어떤 문제를 해결하려는 생각 자체를 말아야 할 이유다"
빛과 실 (2024 노벨문학상 수상 강연문 수록),한강,문학과지성사,"마침내 우리 곁에 당도한 봄 
깨어나는 연둣빛 생명의 경이

살아 있는 한 희망을 상상하는 일
그 오래고 깊은 사랑에 대한 한강의 기록들

역사적 트라우마를 정면으로 마주하고 인간 삶의 연약함을 드러내는 강렬하고 시적인 산문이라는 선정 이유와 함께 2024년 노벨문학상을 수상한 작가 한강의 신작 빛과 실2025이 문학과지성사 산문 시리즈 문지 에크리의 아홉번째 책으로 출간되었다 노벨문학상 수상 강연문 빛과 실2024을 포함해 미발표 시와 산문 그리고 작가가 자신의 온전한 최초의 집으로 북향 방과 정원을 얻고서 써낸 일기까지 총 열두 꼭지의 글이 역시 작가가 기록한 사진들과 함께 묶였다 

삼십 년 넘게 쓰는 사람의 정체성으로 세계는 왜 이토록 폭력적이고 고통스러운가 동시에 세계는 어떻게 이렇게 아름다운가라는 두 질문 사이의 긴장과 내적 투쟁을 글쓰기의 동력으로 삼아온 작가가 그 숱한 질문들 속 가장 깊은 겹이 언제나 사랑을 향하고 있던 게 아닐까 그것이 바로 내 삶의 가장 오래고 근원적인 배음29쪽이 아닐까 묻고 답하기까지 시차를 두고 쓰인 시와 산문 일기와 사진이 새롭게 제 자리를 잡았다 북향의 사람북향 방으로 읽고 쓰는 동안 종일 빛이 들지 않는 정원에 음지에서도 견뎌내는 식물들의 뿌리를 내리고 탁상용 거울 여러 개의 방향을 옮겨가며 햇빛을 붙드는 작가의 작고도 간절한 일상을 따라 읽다 보면 자연스럽게 다음의 구절이 떠오른다 이 행성에 깃들인 사람들과 생명체들의 일인칭을 끈질기게 상상하는 끝끝내 우리를 연결하는 언어를 다루는 문학에는 필연적으로 체온이 깃들어 있습니다34쪽 

글쓰기가 나를 밀고 생명 쪽으로 갔을 뿐이다57쪽라고 작가는 말했다 책장을 넘기면 흑면과 백면이 교차하며 맞닿은 글과 이미지가 서로에게 스미고 또 끌어당기며 작가의 방과 정원에 깃드는 빛과 그림자를 이어지는 작가의 낮과 밤을 읽는 이로 하여금 좇게 만든다 멀게는 사십여 년 전 유년의 기억이 저장된 중철 제본 노트에서 시작된 사랑 따뜻한 생명에 대한 의문과 갈구가 가깝게는 코로나19팬데믹에 휩싸인 20202024년 북향의 방과 정원에서 보고 듣고 냄새 맡고 맛보고 부드러움과 온기와 차가움과 통증을 느끼는 그 생생한 감각들이 일기와 산문 속에서 오롯하다 햇빛이 잎사귀들을 통과할 때 생겨나는 투명한 연둣빛이 있다 그걸 볼 때마다 내가 느끼는 특유의 감각이 있다 식물과 공생해온 인간의 유전자에 새겨진 것이리라 짐작되는 거의 근원적이라고 느껴지는 기쁨의 감각이다북향 정원 95쪽 
여기 시적인 산문이란 한강의 언어가 경계 없는 글쓰기라는 형식과 만났을 때 비로소 우리가 마주하게 된 세계는 생명의 경이와 눈부신 빛으로 가득하다"
사라진 근대건축 (어두운 역사를 위한 유용한 지도),박고은,에이치비 프레스,"서울을 구성하는 건축은 크게 두 부류다 끊임없이 부수고 새로 짓는 콘크리트 건축물 그리고 귀하게 보존되고 복원하는 전통 건축주로 조선시대 이 책은 그 공백의 시공간을 그 어떤 역사보다 생생히 기록한 건축물들의 이야기다 
서울의 휴일1956 자유결혼1958 같은 영화를 보다가 연기하는 배우들 너머 배경에 흐릿하게 보이는 친숙하고도 낯선 도시 풍경에 시선을 사로잡혀 본 적이 있다면 아득한 고층 빌딩들로 가득 찬 지금 서울의 지면 아래 어딘가 흔적을 내고 남아 있을지 모르는 저 건축물들의 이야기에 자연스레 관심이 옮겨 갈지도 모른다 
디자이너 박고은은 20세기 중반 영화 속 낯선 건축물들의 현재 위치를 눈에 익은 지형지물에 근거해 추정해 보곤 했다 그 일은 마치 지도 위에서 조각난 퍼즐들을 맞춰 보는 놀이 같았다 아파트와 고층 빌딩처럼 현대적인 건축물과 귀하게 보존복원되고 있는 전통 건축물 그들 사이에 존재했던 많은 근대건축은 영화 속에서나 찾아볼 수 있게 되었다 
이문세가 광화문 연가를 부르던 20세기 서울 풍경은 지금과 닮고도 달라 더 기묘한 느낌이다 1980년 경복궁 일원을 촬영한 사진서울역사박물관 아카이브을 보자 경복궁 경내에 위압적인 석조건물옛 조선총독부이 자리잡고 있고 광화문 건너편엔 붉은색 벽돌건물옛 경기도청이 궁궐을 마주보고 있다 버스와 형형색색의 승용차가 다니는 길 옆으로 낮은 기와집들과 현대식 빌딩이 공존한다 요즘 10대 청소년에게 이런 사진은 합성사진처럼 보일지도 모른다
우리는 과연 이 도시의 시간을 얼마나 기억하게 될까 이 책은 도시에서 사라진 근대라는 시간층을 건축물을 매개로 채워 보고자 한다 한 시대를 상징했던 건축물은 그 시대가 끝난 뒤에도 살아남아 자기의 삶을 살아간다김현경 세운상가의 미래 중에서고 했다 한 시대를 상징했던 건축물은 물리적으로 이미 사라진 뒤에도 살아남아 이야기를 전한다"
삼국지톡 10,무적핑크,문학동네,"빼앗으려는 자와 지키려는 자
각자의 심중에 감춘 진심은 무엇인가
전장과 황궁을 둘러싼 사나이들의 욕망 관도대전 3부

속내를 파헤치려는 조조의 압박에 몸을 피하는 유비 유비와 어린 황제를 몰아붙이는 조조의 행동이 마뜩잖던 관우는 참지 못하고 그와 갈등을 일으킨다 이러한 일촉즉발의 상황을 무마하기 위해 유비는 관우에게 거처를 옮길 것을 명한다 북방의 귀신 공손찬은 원소와의 대결에서 극단적인 선택을 하고 원소는 자신의 군대를 건드린 조조에게 섬뜩한 선물을 보내는데 거대 전투의 전조가 드리우는 관도대전 3부를 담은 삼국지톡 제10권"
상식 (우리는 이러했다),도올(김용옥),통나무,"무도한 시대가 공동체의 상식을 요구한다
상식의 기반에 서있는 한국인의 저력을 이야기하는 책

현재 우리 주변에 순간순간 일어나고 있는 일들은 세계현대사의 모든 의미를 압축시킨 역사적 사건이다 이 사건은 찬반의 감정을 떠나 차분하게 우리민족 역사의 통시적 관점에서 분석해 볼 필요가 있다 왜 이런 사건이 이 땅에서 일어날 수 있었는가 윤석열의 행위는 그 개인의 이해관계를 떠나 그를 탄생시킨 역사와 관련시켜 그 배경 전체를 조망할 필요가 있다 도올 김용옥은 이러한 작업을 감행할 수 있는 모든 여건을 갖춘 사상가이다

이 책에는 사상가 도올의 의식 속에서 살펴보는 한 달여의 긴박한 윤석열 쿠데타의 진행과 이를 저지시키는 상식으로 무장된 국민의 정의로운 행동들이 고스란히 들어있다 그리고 우리의 이 상식은 어디에서 왔는지 과거 우리는 어떠했는지 우리역사를 일관하는 상식의 심층구조를 자세하게 깨우쳐 주는 이야기가 새로운 정보와 관점으로 웅혼하게 설명된다"
생물과 무생물 사이 (파괴에서 탄생하는 경이로운 생명의 세계),후쿠오카 신이치,은행나무,"생명은 끊임없이 변화하는 하나의 흐름이다
이중나선을 뛰어넘는 새로운 생명과학의 고전
생명이란 무엇인가에 대한 가장 아름답고 철학적인 대답

세기를 뛰어넘는 생명과학의 숨 가쁜 진화
그 끝에 밝혀지는 역동적인 생명의 본모습

생명이란 자기를 복제하는 시스템이다 20세기 동안 생명이란 무엇인가라는 질문에 대한 정답으로 여겨졌던 말이다 그러나 저자는 20세기 생명과학의 발전을 톺아보며 이 말에 정면으로 반박한다 생명이란 자기를 복제하는 것도 하나의 시스템도 아니라고 생물과 무생물 사이는 생명이란 무엇인가라는 생명과학의 영원한 화두이자 삶의 의미를 묻는 묵직한 질문에 과학 철학 문학의 관점을 결합하여 새로운 답을 내놓는다
록펠러대학 하버드대학에서 생명과학 연구에 매진해온 저자는 생명과학의 숨 가쁜 역사를 종횡무진하며 과학사의 그늘에서 묵묵히 연구에 매진한 숨은 영웅들의 이야기를 들추어내는 한편 생물을 무엇이 무생물과 구별하게 만드는지를 생명관의 변천과 함께 고찰해나간다 생물과 무생물 사이는 생명이란 무엇인가라는 의문을 품고 과학자의 길로 들어선 한 소년이 그 답을 찾아가는 과정이자 100여 년 생명과학의 역사를 관통하며 새로운 생명철학에 이르는 과정을 흥미진진하게 풀어낸 문학적으로 수려한최재천 과학책이다 생명을 하나의 객체가 아닌 파괴와 생성을 반복하는 역동적 흐름으로 파악하는 저자의 동적평형 생명관은 인간의 유전자를 기계의 부품처럼 조작하고 인공지능이 인간을 대체하려는 시대에 생명의 본질과 고유성을 시사한다
생물과 무생물 사이는 생명의 본질을 탐구하는 과학자만이 보여줄 수 있는 엄밀함과 치밀함 생명의 고유한 아름다움과 가능성까지 포착하는 철학적 생명관 생명의 본질이라는 진실을 향해 숨 가쁘게 나아가는 미스터리적 구성으로 이중나선을 뛰어넘는 새로운 생명과학의 고전으로 평가받으며 과학 교양서의 역사를 새로 썼다 이 책에서 제시한 과학과 철학을 접목한 동적평형의 생명관은 동료 과학자들을 비롯해 음악가 류이치 사카모토 소설가 요시모토 바나나 배우 아오이 유우 등 다양한 분야에서 활동하는 이들에게 영감을 주었다"
세상은 어떻게 작동하는가 (우리를 현혹하는 것들에 논리와 근거로 맞서는 힘),리처드 도킨스,포레스트북스,"세상을 면밀히 관찰해 온 위대한 지성들이인류의 도발적인 물음에 답하다

리처드 도킨스 마이클 가자니가 대니얼 데닛 등
세계적 석학 31인의 날카로운 문제 제기와 명쾌한 논리

우리가 가장 궁금해 하는 질문들에 대한 세계 최고의 지성 31인의 답을 모은 책 리처드 도킨스 대니얼 데닛 폴 데이비스 등 다양한 분야에서 활발히 활약하고 있는 과학자와 사상가들의 이야기를 지식의 지휘자라 불리는 거물 편집자 존 브록만이 직접 받아서 엮었다 
시간은 언제 시작되었을까 근친상간은 왜 금기시되는가 포유류는 어떻게 지구를 지배하게 되었는가처럼 궁금한 과학 지식들부터 타당한 근거와 잘못된 근거를 구별하는 법 지금까지 아무도 생각하지 못했던 것을 생각하는 법 실수를 통해 배우는 법과 같은 과학 너머의 인문학적 이야기까지 여러 궁금증에 대한 석학들의 명쾌한 답변을 한 권으로 만나보자 세상은 단순하지 않다 하지만 이 책과 함께라면 조금 더 명확해질 것이다


세상은 어떻게 작동하는가 우리가 사는 세상 그리고 인간의 본질을 파헤치는 지적 여정 
세상은 어떻게 작동하는가는 현대를 대표하는 과학자와 사상가들의 통찰을 한데 모은 지적 향연이다 이 책은 진화생물학자 리처드 도킨스를 비롯해 철학자 대니얼 데닛 물리학자 폴 데이비스 수학자 이언 스튜어트 등 각 분야의 권위자 30여 명이 집필한 글을 엮은 것으로 우리가 살아가는 세계를 보다 선명하고 깊이 있게 이해할 수 있도록 도와준다

이 책은 과학적 사고 기원 진화 정신 우주 그리고 미래라는 여섯 개의 대주제로 나뉘어 있으며 각 주제는 우리가 익숙하면서도 간과하기 쉬운 질문들에 대한 과학자들의 답변을 담고 있다 리처드 도킨스는 타당한 근거와 잘못된 근거를 어떻게 구분하는가라는 질문을 통해 우리가 맹목적으로 받아들이는 전통 권위 계시에 대한 비판적인 시각을 제시하며 우리 사회에 만연한 거짓 선동에서 벗어날 수 있는 과학적 시선을 길러준다 또한 패트릭 베이트슨은 근친상간은 왜 금기인가에서 동물의 행동과 진화의 관계를 탐구한다 폴 데이비스는 시간은 언제 시작되었는가라는 물음을 통해 빅뱅과 우주의 기원을 앨런 구스는 불가능에서 진실을 배울 수 있는가에서 불가능을 상상하는 일이 얼마나 중요한지를 이야기한다


통념이 아닌 논리로 믿음이 아닌 증거로 세상을 해석하라과학은 단순한 지식이 아니라 세상을 보는 가장 강력한 도구다 
이 책의 가장 큰 장점은 과학적 주제를 어렵거나 지루하지 않게 누구나 이해할 수 있도록 쉽게 풀어냈다는 점이다 저자들은 복잡한 개념을 단순한 사례와 논리적 사고를 통해 풀어내며 과학이 단순한 지식이 아니라 우리가 세상을 바라보는 방식임을 깨닫게 한다 이 책에서 다루는 질문들은 우리의 지적 호기심을 자극하며 과학적 사고의 중요성을 다시금 일깨운다 

이 책은 과학을 하나의 학문이 아닌 세계를 이해하는 핵심적인 도구로 활용할 수 있게 돕는다 과학적 사고가 왜 중요한지 그리고 우리가 세계를 더 깊이 이해하기 위해 어떤 질문을 던져야 하는지를 고민하게 만드는 책이다 과학과 철학 논리적 사고에 관심 있는 독자라면 이 책을 통해 새로운 지적 자극을 받을 수 있을 것이다"
소년이 온다 (한강 소설 l 2024년 노벨문학상 수상작가),한강,창비,"말라파르테 문학상 만해문학상 수상작 
우리 시대의 소설 소년이 온다

2014년 만해문학상 2017년 이탈리아 말라파르테 문학상을 수상하고 전세계 20여개국에 번역 출간되며 세계를 사로잡은 우리 시대의 소설 소년이 온다
이 작품은 채식주의자로 인터내셔널 부커상을 수상한 한강 작가에게 눈을 뗄 수 없는 보편적이며 깊은 울림뉴욕타임즈 역사와 인간의 본질을 다룬 충격적이고 도발적인 소설가디언 한강을 뛰어넘은 한강의 소설문학평론가 신형철이라는 찬사를 선사한 작품으로 그간 많은 독자들에게 광주의 상처를 깨우치고 함께 아파하는 문학적인 헌사로 높은 관심과 찬사를 받아왔다 
소년이 온다는 상처의 구조에 대한 투시와 천착의 서사를 통해 한강만이 풀어낼 수 있는 방식으로 1980년 5월을 새롭게 조명하며 무고한 영혼들의 말을 대신 전하는 듯한 진심 어린 문장들로 518 이후를 살고 있는 우리에게 묵직한 질문을 던진다 
이 작품은 가장 한국적인 서사로 세계를 사로잡은 한강 문학의 지향점을 보여준다 인간의 잔혹함과 위대함을 동시에 증언하는 이 충일한 서사는 이렇듯 시공간의 한계를 넘어 인간 역사의 보편성을 보여주며 훼손되지 말아야 할 인간성을 절박하게 복원한다"
숨결이 바람 될 때(100쇄 기념 리미티드 에디션) (서른여섯 젊은 의사의 마지막 순간),폴 칼라니티,흐름출판,"2016년 출간된 이후 국경을 초월해 수많은 한국 독자들에게 감동을 선사했던 폴 칼라니티의 숨결이 바람 될 때가 2024년 겨울 드디어 100쇄 기념판을 선보이게 되었다 
신경외과 의사로서 치명적인 뇌 손상 환자들을 치료하며 죽음과 싸우다가 자신도 폐암 말기 판정을 받고 죽음을 직면하게 된 서른여섯의 젊은 의사 폴 칼라니티 그가 써내려간 마지막 2년의 기록인 숨결이 바람 될 때는 미국에서 출간되자마자 아마존과 뉴욕타임스 베스트셀러 1위에 올랐으며 12주 연속으로 뉴욕타임스 베스트셀러 1위 자리를 지켰다 
어떻게 죽을 것인가의 저자 아툴 가완디는 삶에 대해 많은 것을 가르쳐주는 감동적이고 슬프고 너무 아름다운 책이라고 평하며 그의 죽음을 안타까워했다 죽어가는 대신 살아가는 것을 선택한 고뇌와 결단 삶과 죽음 그 의미에 대한 깊은 성찰 숨이 다한 후에도 지속되는 사랑과 가치에 대한 감동적인 이 이야기는 지금 이 시대에 가장 필요한 가치가 과연 무엇인지를 독자들에게 일깨워준다"
"실버 웨이브 (대한민국 초고령사회 시작, 누가 먼저 기회를 잡을 것인가?)",박재병,클라우드나인,"1000만 고령인구가 만든 실버 웨이브가 대한민국을 강타한다
 초고령사회 대한민국 누가 새 기회를 선점할 것인가

대한민국은 2024년에 65세 이상 고령인구가 1000만 명을 넘어서며 전체 인구의 20를 초과하는 초고령사회에 진입했다 미래학자 앨빈 토플러는 과학 기술의 발전이 가져올 변화의 시대를 예견하며 제1의 물결농업과 제2의 물결산업에 이어 제3의 물결기술을 형성한다고 말했다 이 책의 제목인 실버 웨이브Silver Wave는 그 제3의 물결만큼이나 크고 새로운 고령인구의 물결이 대한민국을 휘감으며 한 번도 경험해보지 못한 변화를 만들어낸다는 의미를 담고 있다 단순히 고령화 문제를 다루는 것이 아니라 그 속에서 발견할 수 있는 비즈니스 기회와 산업적 가능성에 집중한다 초고령사회가 가져오는 문제를 해결하려는 노력 속에서 시니어 주거 돌봄 서비스 헬스케어 등 새로운 산업들이 급성장할 것이다 이 책에서 저자 박재병 케어닥 대표는 실버 웨이브를 기회로 보고 기업과 정부가 어떤 방향으로 준비하고 대응할 수 있는지에 대한 전략적 접근법을 제시한다 초고령사회 시대에 무엇이 필요하고 어떤 기회를 얻을 수 있는지에 대한 통찰을 제공한다"
싯다르타(초판본)(1922년 오리지널 초판본 표지디자인) (1922년 오리지널 초판본 표지디자인),헤르만헤세,더스토리,"1922년 오리지널 초판본 표지디자인

세상의 근원을 탐구하며 참 나를 찾아가는 길
독일의 대문호 헤르만 헤세의 영혼이 투영된 자전 소설

20세기 독일 문학가들 가운데 우리나라 독자들에게 가장 잘 알려진 작가를 꼽으라고 한다면 단연 헤르만 헤세일 것이다 내면의 탐구자이자 자아 성찰의 대표 작가인 헤르만 헤세는 휴머니즘을 지향하며 고뇌하는 청춘과 자연에 대한 동경 인간의 양면성 등을 작품에 담았다 도서출판 더스토리는 헤르만 헤세 탄생 140주년을 기념하여 헤르만 헤세의 대표작인 싯다르타를 초호화 패브릭 양장으로 제작하였다 패브릭 특유의 고급스러운 색감과 감촉뿐만 아니라 1919년 출판된 독일 피셔 출판사의 초판본 표지디자인을 그대로 되살려 소장 가치를 한층 높였다 또한 실로 꿰맨 정통적인 사철 제본을 통해 책의 내구성을 높이고 펼쳐 읽기도 편하게 만들었으며 독일의 대표적 표지 제작 방식 중 하나인 초코박을 재현하여 오리지널 초판본의 품격과 가치를 담아냈다 그리고 독일 문학 연구자인 역자의 깊이 있는 번역은 자서전적이고 철학적인 헤르만 헤세 문학의 감동을 고스란히 전해줄 것이다"
아버지의 시간 (남성과 아기의 자연사),사라 블래퍼 흘디,에이도스,다윈 이후 진화생물학의 가장 영향력 있는 사상가 중 한 명으로 손꼽히는 세라 블래퍼 허디의 최신작 영장류 수컷의 새끼 살해 행동이 군집 밀도의 증가에 따른 스트레스 반응이라는 기존 해석을 뒤집고 암컷의 생식 전략임을 밝혀내 진화생물학계에 커다란 반향을 일으킨 모성 연구의 대가 허디가 자신의 지적 여정을 정리하며 주목한 주제는 바로 남성의 양육 본능이다 그동안 진화생물학에서 사냥꾼 남성이라는 빈약하고 편향된 패러다임에 갇혀 방치되다시피 한 아버지 역할의 의미 그리고 남성의 양육과 돌봄이 호모 사피엔스의 진화에 어떤 영향을 끼쳤는지를 집중적으로 탐구한다 허디는 독성 남성성이 독버섯처럼 솟아나고 가부장적 문화와 보수주의가 결합하는 이 시대에 필요한 것은 새로운 남성성의 정의이며 돌봄 가치의 재발견이라고 주장한다
안과 겉·결혼·여름,알베르 카뮈,민음사,"마흔네 살이란 젊은 나이에 신화가 된 실존주의 문학을 대표하는 작가 알베르 카뮈 

모든 작품의 원천 안과 겉 자연과 인간의 합일 결혼 지중해의 추억 여름 수록

삶에 대한 절망 없이는 삶에 대한 사랑은 없다

카뮈는 신화가 되었다 그를 인정하느냐 안 하느냐는 이제 별 의미가 없다 롤랑 바르트

카뮈는 살아 있을 때 그렇게도 벗어나고자 했던 바로 그 주춧돌 위에 지금 올라와 있다 
파트리크 모디아노

카뮈의 위대함은 일탈에서 나오는데 이 일탈은 그의 위대함의 자연스러운 표현일 뿐이다 
장 그르니에

끊임없이 자신을 찾고 자신에게 질문을 던지는 영혼에게 인사를 드린다 
윌리엄 포크너카뮈의 노벨문학상 수상을 축하하며


 청년 카뮈의 진정한 안과 겉을 만나다
 카뮈 작품의 원천 안과 겉 지중해와 태양의 에세이 결혼 여름

실존주의를 대표하는 작가 마흔네 살이란 젊은 나이에 노벨 문학상을 수상한 저항의 아이콘 알베르 카뮈의 여행과 추억 사랑의 에세이가 담긴 안과 겉ㆍ결혼ㆍ여름이 민음사 세계문학전집으로 출간되었다 안과 겉은 카뮈의 서문과 함께 다섯 편의 에피소드로 구성되어 있다 아이러니 긍정과 부정의 사이 영혼 속의 죽음 삶에 대한 사랑 안과 겉이 그것으로 빛과 어둠 프라하와 비첸차 죽음과 태양 등으로 끊임없이 변주를 거듭하는 삶의 안과 겉을 주제로 다루었다 카뮈가 말하는 안과 겉은 무엇일까 카뮈의 답은 하나의 덩어리다 이 극단적 의식의 극한점에서 모든 것이 하나로 융합되면서 나의 생은 송두리째 버리든가 받아들이든가 해야 할 하나의 덩어리처럼 생각되는 것이었다 결혼은 티파사에서의 결혼 제밀라의 바람 알제의 여름 노트 사막의 다섯 에피소드로 구성되어 있으며 여행자 카뮈가 찾아간 장소들과 그곳에서 느낀 감회와 성찰이 글 속에 반영되어 있다 풍요와 헐벗음은 서로 만나며 자신의 찬란함을 과시하는 풍경 앞에 선 인간은 스스로의 위대함을 긍정한다 신에게 의지하기보다 필연적 운명을 받아들이는 반항하는 인간이기에 여름은 1939년에서 1953년에 걸쳐 쓴 산문들을 모은 것으로 주제 면에서 결혼과 맞닿아 있다 이 글들의 공통된 뿌리는 명확하다 비록 서로 다른 시각에서 바라보고 있지만 모두가 다 홀로solitaire라는 개별성의 주제를 다루고 있다 1953년 이후 카뮈는 앞서의 부조리와 반항의 사이클에서 사랑과 절도의 사이클로 진입하며 그의 마지막 미완성 유작인 최초의 인간의 집필 준비를 시작한다 세 편의 에세이에서 우리는 카뮈의 철학과 여행자의 여정 그리고 치열한 문학성을 느낄 수 있다


 나는 정의를 믿습니다 그러나 정의에 앞서 나의 어머니를 더 옹호합니다 
 르몽드 1957년 12월 14일 자
 
평생의 스승이자 벗인 장 그르니에에게 헌정한 안과 겉은 카뮈 생전에 출판된 작품들 중에서 사실상 최초로서 이후 카뮈가 쓰는 모든 작품의 원천이 되는 글이다 그러나 카뮈 자신은 젊은 시절에 쓴 이 작품이 재판을 내기엔 너무나 불완전하다는 생각으로 주저했으며 정열에 찬 카뮈의 이후 문체에 비하면 서투르고 불분명한 구석이 많기도 하다 김화영 역자의 설명에 의하면 그러한 한계가 때로는 우리에게 유별난 감동의 원천이 된다 왜냐하면 그 서투름 속에서 번민하는 젊음의 진동이 아직도 가라앉지 않은 채 우리의 영혼 속으로 직접 전달되어 오기 때문이다 안과 겉은 카뮈의 서문과 함께 다섯 편의 에피소드로 구성되어 있다 아이러니 긍정과 부정의 사이 영혼 속의 죽음 삶에 대한 사랑 안과 겉이 그것으로 빛과 어둠 프라하와 비첸체 죽음과 태양 등으로 끊임없이 변주를 거듭하는 삶의 안과 겉을 주제로 다루었다 카뮈가 말하는 안과 겉은 무엇일까 카뮈의 답은 하나의 덩어리다 이 극단한 의식의 극한점에서 모든 것이 하나로 융합되면서 나의 생은 송두리째 버리든가 받아들이든가 해야 할 하나의 덩어리처럼 생각되는 것이었다
 
카뮈 전집판에 해설을 쓴 비평가 루이 포콩의 설명처럼 안과 겉이 우리의 몫이 비참과 고독이라고 말할 때 결혼은 우리가 비탄의 세계 속에 존재한다는 사실은 우리의 지극히 단순한 기쁨에도 비견할 수 없는 보상의 위력을 부여한다고 응수한다 1935년부터 1936년까지 안과 겉을 1936년부터 1937년 결혼과 여름을 집필할 시기 카뮈는 교수 자격 시험에서 탈락하고 아내와의 결혼 생활에 위기가 닥치는 등 개인적으로 실망과 좌절을 거듭하고 있었다 그러다 1937년 홀로 떠난 지중해 여행에서 카뮈는 작열하는 태양과 바다 앞에서 지나간 삶을 돌아보고 현실의 삶을 성찰하며 다시금 글쓰기에 대한 의욕을 되찾는다 결혼은 티파사에서의 결혼 제밀라의 바람 알제의 여름 노트 사막의 다섯 에피소드로 구성되어 있으며 여행자 카뮈가 찾아간 장소들과 그곳에서 느낀 감회와 성찰이 글 속에 반영되어 있다 풍요와 헐벗음은 서로 만나며 자신의 찬란함을 과시하는 풍경 앞에 선 인간은 스스로의 위대함을 긍정한다 신에게 의지하기보다 필연적 운명을 받아들이는 반항하는 인간이기에

19389년에서 1953년에 쓴 산문들을 모은 여름의 서평 의뢰서에 카뮈는 이렇게 썼다 이 글들의 공통된 뿌리는 명확하다 비록 서로 다른 시각에서 바라보고 있지만 모두가 다 홀로solitaire라는 개별성의 주제를 다루고 있다 이 주제는 나의 초기작들 가운데 하나인 결혼의 주제이기도 하다 이십 년의 세월이 지나 결혼에 실린 글들은 그러므로 그것들 나름대로 어떤 길고 변함없는 추구의 길을 증언하고 있는 셈이다 카뮈는 또한 1956년 로제 키요에게 쓴 편지에 다음과 같이 쓴다 당신의 연구가 여름에서 그리고 나의 마흔 살에서 멈춘 것은 이유가 있습니다 왜냐하면 비록 순전히 우연이긴 하지만 이 해는 나의 창작 작업과 삶에 있어서 일종의 전환점이기 때문입니다 이후 카뮈는 앞서의 부조리와 반항의 사이클에서 사랑과 절도의 사이클로 진입하며 자신의 미완성 유작인 최초의 인간의 집필 준비를 시작한다 이에 화답하듯이 키요는 여름에 대해 다음과 같이 설명한다 카뮈는 여름을 태양의 에세이 전통 속에 위치시키려고 했다 그 에세이들은 어느 의미에서는 천진무구한 소명을 상기시킨다 정오의 사상의 결실인 이 글들은 반항하는 인간을 연장하고 그것과 균형관계를 유지한다 왜냐하면 사르트르와의 고통스러운 논쟁을 치르고 난 후 이 글들은 유머와 아이러니에도 한몫을 할당하고 있으니까 말이다 지중해의 자연을 거닐며 카뮈는 자기를 에워싸고 있는 갖가지 신화를 깨뜨릴 방법을 구상한다 반항하는 인간은 그렇게 지중해의 열기 속에서 탄생한다

12월 12일 스톡홀름 대학교 학생회관에서 카뮈와 학생들과의 만남의 자리가 마련되었다 이때 한 알제리 젊은이가 연단에 올라와 카뮈를 비난했다 알제리의 독립에 대해 적극적으로 지지하지 않았다는 것이 이유였다 이에 대해 카뮈는 다음과 같이 대답한다 
나는 일 년 팔 개월 동안 입을 닫고 지냈습니다 그렇다고 행동마저 하지 않은 것은 아닙니다 그때나 지금이나 두 민족이 평화롭고 평등하게 살아갈 수 있는 정의로운 알제리의 지지자입니다 나는 양편의 증오가 변해 그들의 선언이 테러를 더 격화시킬지도 모르기에 지식인의 개입이 더 이상 필요하지 않을 때까지 알제리 민족의 권리를 인정해 주고 완전히 민주적인 제도를 만들어 줘야 한다고 거듭 주장해 왔습니다 나는 언제나 테러를 비난해 왔습니다 알제의 거리에서 맹목적으로 자행되는 그래서 어느 날 나의 어머니와 가족을 해칠지도 모르는 그런 테러리즘에 대해서도 마찬가지로 비난하지 않을 수 없습니다 그러고는 말했다 나는 정의를 믿습니다 그러나 정의에 앞서 나의 어머니를 더 옹호합니다르몽드 1957년 12월 14일 자 이 말은 카뮈의 어머니가 불의의 상징이 아니듯 카뮈 자신도 결코 정의에 반대하는 것이 아니며 알제리인들과 언제나 불행을 공유하고 있음을 방증한다"
야구X수학 (야구로 배우는 재미있는 수학 공부),류선규^홍석만,페이스메이커,"KBO 공식 추천도서 스타강사 정승제 추천도서
야구장에서 수학을 만나다

야구와 수학이 만났다 한쪽은 뜨거운 열정이 다른 한쪽은 차가운 이성이 깃든 분야지만 두 세계는 숫자라는 공통된 언어로 닿아 있다 수학을 품은 야구공으로 큰 반향을 일으켰던 홍석만 수학교사와 류선규 전 SK와이번스 단장이 만나 야구의 수많은 순간을 수학의 눈으로 들여다본다 현직 수학교사와 야구 전문가가 힘을 합쳐 만든 이 책은 수학적 정밀함과 현장의 생동감을 모두 품고 있다

이 책은 초등 고학년부터 중학생 그리고 수학과 야구를 좋아하는 일반 독자까지 모두가 즐길 수 있도록 구성했다 멀게 느껴지지만 우리 삶에 꼭 필요한 수학 친근하지만 알고 보면 어려운 야구 이 책은 그 경계를 허물고자 하는 시도이자 수학교사와 야구 전문가의 사명감이 담긴 결과물이다 야구를 좋아하는 사람이라면 수학이 새롭게 보이고 수학이 어려운 사람이라면 야구를 통해 수학에 한 발 다가갈 수 있다
이 책의 저자는 야구장에서 숫자를 보자 수학이 너무 어렵다면 일단은 수학이 아닌 수로만 보자 그러면 수학이 보일 것이다라고 말한다 야구의 기록과 스탯 경기 방식 선수 연봉 시즌 예측 중계권료 좌석 선택 금융상품 등 일견 복잡하고 전문적으로 느껴질 수 있는 주제들을 수학이라는 렌즈를 통해 흥미롭게 풀어낸다 평균 비율 경우의 수 통계 함수 진법 확률과 같은 수학 개념이 야구와 자연스럽게 연결된다 숫자와 수식을 싫어하던 독자도 이게 수학이었어 하고 고개를 끄덕이는 순간이 올 것이다"
"야만의 해변에서 (아메리카 원주민, 대항해 시대의 또다른 주인공)",캐럴라인 도즈 페넉,까치,"대서양을 건너 유럽을 발견한 아메리카 원주민의 생생한 역사
유럽 중심적 시각을 뒤집어 새로운 대항해 시대를 만나다

우리는 흔히 대항해 시대를 유럽 탐험가들이 아메리카를 발견하고 신대륙과 구대륙이 만나면서 세계화가 시작되고 학살과 노예제도가 자행된 시대로 기억한다 우리에게 익숙한 대항해 시대의 이야기에서 유럽 정복자들은 강하고 호기심에 넘치며 잔인하고 탐욕스러운 반면 아메리카 원주민들은 헐값에 자신들의 땅을 팔아넘기거나 천연두에 걸려 목숨을 잃고 유럽인들에게 붙잡혀 노예가 되는 희생자 혹은 식인 풍습을 가진 야만인이다 그러나 정복자와 피정복자 가해자와 피해자라는 이분법적 구분은 당대의 시대상을 지나치게 단순화했다는 시선에서 자유롭지 못하다 특히 유럽을 중심으로 전개되는 대탐험의 서사는 역사의 또다른 주인공인 아메리카 원주민들이 유럽 정복자들에게 어떻게 대응했는지에 대해 침묵한다 이에 따라 아즈텍 역사 전문가이자 셰필드 대학교의 국제 역사학 교수인 캐럴라인 도즈 페넉은 그간 주목받지 못했던 아메리카 원주민들의 기록을 샅샅이 살피며 외교사절 무역업자 통역사 혹은 유럽인의 가족이자 친구 자유를 되찾고자 싸운 노예 등 아메리카 원주민의 역사에 주목한다 아즈텍멕시카를 무너뜨리기 위해서 자진하여 스페인 정복자들과 손을 잡은 틀락스칼라인들 왕 대 왕으로서 펠리페 2세 앞에 무릎을 꿇지 않은 마야 족장 자신의 고향에 교회를 짓겠다며 스페인 왕실에 끊임없이 돈을 청구한 라디노스페인 문화에 동화된 아메리카 원주민 정복자와 잉카 왕실의 혼혈 딸로서 여러 차례 결혼하며 끝내 유럽 땅에 자신의 가문을 일군 잉카 공주까지 대서양을 가로지르는 아메리카 원주민들의 이야기는 그들이 어떻게 유럽을 대했는지를 보여준다 또한 이 책은 이 시기에 아메리카에서 유럽으로 들어온 각종 물건과 식재료 언어를 톺아봄으로써 아메리카 원주민들의 문화가 유럽에 지울 수 없는 흔적을 남겼음을 드러낸다 독자들은 아메리카 원주민을 중심으로 한 이 책을 통해서 피정복민으로만 그려졌던 아메리카인들의 생기 넘치는 목소리를 들을 수 있을 것이"
양심 (호모심비우스),최재천^팀최마존,더클래스,"최재천 교수님이 건네는 2025년 첫번째 키워드 양심 
신간 양심에 양심의 본질에 대한 메세지 전달

신간 양심은 인간과 생태를 오랜 기간 탐구해 온 최재천 교수님이 방송 외 글로 전달하고 싶은 마음을 담은 양심편을 수록했습니다 사회적 양심에 대한 철학적이면서도 실천적인 성찰을 담아낸 차마 어차피 차라리는 교수님의 깊은 통찰을 압축적으로 보여줍니다 교수님은 인간과 사회의 공정함은 결국 양심에서 출발한다는 메시지를 통해 우리 시대의 양심이 갖는 중요성을 강조합니다 대한민국 사회에서 잊히고 있던 양심의 가치를 재조명하며 개인의 도덕적 책임과 사회적 공정성에 대한 깊은 통찰을 제공합니다"
어쩐지 나만 알 것 같은 역사,배승호,푸른역사,"방방곡곡 바위에 새겨진 글씨와 비문에서 역사를 캐내다

역사를 읽는 방법은 크게 세 가지로 나눌 수 있다 역사를 있는 그대로의 과거로 읽기 치세와 처신의 교훈으로 읽기 소설ㆍ영화 뺨치는 재미로 읽기 이 책은 그중 세 번째 재미있는 역사 이야기이다 바위에 새겨진 글씨를 소재로 다양한 이야기를 캐냈는데 두말할 필요가 없다 무조건 재미있다 교실 안의 역사에서 만나지 못한 흥미로운 한국사 뒷이야기가 쏟아진다

 역사 애호가의 궁극을 보여주다
 이 책의 지은이는 역사가가 아니다 정형외과 의사이니 말 그대로 아마추어 역사 애호가일 따름이다 한데 바위글씨에 꽂혀 온갖 곳을 쏘다닌 것을 바탕으로 실록을 비롯한 사료는 물론 개인문집 신문기사를 뒤져내 이야기를 캐내는 열성과 성취는 애호가 수준을 벗어난다 이번 첫 책에서는 빠졌지만 그의 답사는 일본까지 걸친다 여기에 맹견에 쫓기고 뱀에 놀라고 잔꾀를 부려 금지된 지역을 가는 등 실감나는 이야기가 버무려져 이 책은 깊이와 재미를 겸비한 수작秀作이라기에 손색이 없다

 어쩐지 나만 알 것 같은 이야기
 서울 동작동의 국립현충원의 원주인은 중종의 부인인 창빈 안씨였다 아들 덕흥군이 그녀의 유택을 이곳으로 옮겼는데 덕흥군의 아들 하성군이 왕위선조에 오르면서 조선 최고의 명당자리가 되었다 국립서울현충원이 창빈 묘역에 자리 잡은 한 이유이다 서울대 또한 주인은 추사 김정희와 어깨를 나란히 한 자하 신위다 그의 5대조가 자하동현 서울대 자리에 자리를 잡았고 현 서울대박물관 뒤에는 신위의 고조부 신확의 묘에서 가져온 문인석 한 쌍이 있다 오늘날 강남의 요지 잠실이 원래 강북이었음을 아는 이는 얼마나 될까 잠실은 잠실도라는 섬이었는데 1925년 을축년 대홍수 이전에는 가물면 걸어서 넘어갈 수 있었단다 1914년 행정구역 명도 경기도 고양군 뚝도면 잠실리였다

 상식을 뒤엎는 기막힌 이야기
 중종반정의 브레인 성희안의 묘를 찾은 지은이는 그를 타락한 혁명의 표본으로 든다 그를 두고 원대한 꾀에 어둡고 집과 시첩에 사치를 부리는 등 방종하다가 생명을 잃었다고 평한 실록에 근거해서다 선조의 맏아들 임해군은 병사를 모으려 함경도로 가서는 온갖 패악질을 일삼아 오죽했으면 주민들이 감금해 왜장에게 넘겨버렸을까 위정척사의 대명사 최익현이 새긴 평양화표에서 세상은 위대한 명나라의 것요 임금을 섬기고 공자를 배워서란 구절을 보면 절로 한숨을 나오지 않을까 나라가 흔들리는데 기껏 사대주의라니 

 잊고 지내기엔 안타까운 이야기
 광해군의 아들 폐세자 이지는 강화도에 위리안치되자 가위와 인두로 땅굴을 파서 탈출했다가 사흘 만에 붙잡히고 이 소식을 들은 이지의 처는 자진했다 폭군의 아들은 무슨 잘못을 했기에 수락산 옥류동에서 되짚어본 사연이다 조선 2대왕 정종의 둘째 아들 순평군은 40세가 넘도록 한 글자도 모르는 무식꾼이었다 그의 유언은 종학宗學ㆍ왕족들을 위한 교육기관을 영원히 떠나는 것이 크게 기쁘다였단다 학습지진아의 한이랄까 일제강점기의 대지주 조병학은 폐교 위기의 세브란스를 살리기 위해 전 재산을 기부했는데 친일인명사전에 실렸다 일제에 국방헌금을 냈다는 이유인데 친일파 독지가는 어떻게 봐야 할까

 돌에 새겨 전해지는 장한 이야기
 충북 진천군의 옥천병이란 바위글씨는 숙종 때 영의정을 지낸 최석정이 남긴 것이다 천재 수학자 오일러에 60여 년 앞서 9차 직교 라틴방진을 구한 빼어난 수학자의 흔적이다 병자호란 때 척화론을 펼쳐 충절과 절개의 화신으로 꼽힌 김상헌은 전후에 일신의 안녕만 영위했다 이를 두고 국가의 명운이 경각에 달려 있을 때 산성을 빠져나가 멀리 달아나 있었습니다 전쟁이 끝나고 당시의 일이 대충 안정 되었는데도 끝내 성상을 찾아와 뵙지 않았습니다라 통박하는 상소를 올린 유석의 신도비가 경기도 안산시에 아슬아슬하니 서 있다 조선의 최연소만14세 과거급제자 이건창의 영세불망비가 강화도에 있다 비록 정치적 배려에 힘입어 급제했지만 청렴하고 유능해 조선 후기 암행어사의 대명사로 불린 그의 공덕을 기리는 비이다"
오만과 편견(초판본)(1894년 오리지널 초판본 표지디자인) (1894년 오리지널 초판본 표지디자인),제인 오스틴,더스토리,"국내 최초 1894년 공작새 에디션 초판본 표지이미지 
영국이 낳은 여류작가 제인 오스틴의 연애학 개론 오만과 편견

이 시대 최고의 찬사를 받은 제인 오스틴의 오만과 편견
초판 출간 210주년을 기념해 공작새 에디션으로 다시 돌아온 사랑 이야기

영국 BBC 방송은 두 번째 밀레니엄을 마감하여 지난 천년 동안의 최고의 문학가를 뽑는 설문조사를 실시했다 1위인 윌리엄 셰익스피어에 이어 두 번째로 이름을 올린 작가가 바로 제인 오스틴이다 오만과 편견은 노벨 연구소가 선정한 세계문학 100대 작품에 선정되었으며 호주에서는 독자가 선정한 역사상 최고의 책 1위에 올랐다 또한 국립중앙도서관의 청소년 권장도서 등 우리나라의 각종 추천도서 목록에도 빠지는 일이 없다 사람들이 이토록 찬사를 보내는 이유는 아무나 쓸 수 없는 제인 오스틴만의 특별함이 작품 속에 내재되어 있기 때문이다 오만과 편견은 인류의 보편적인 감성을 따르면서도 그 안에 갇히지 않았고 소설의 묘미를 살리면서 통속적이지 않기에 사람들의 마음을 움직였고 첫 문장부터 읽는 이를 이야기 속으로 끌어당긴다 1894년 초판본 표지를 통해 제인 오스틴의 문학적인 감성을 직접 느껴보자

오만은 자신을 바라보는 관점에서 비롯된 것이고
허영은 타인이 자신을 어떻게 봐 줬으면 하는 것이지_본문 중에서

그렇다면 이 소설이 전 세계적으로 사랑받고 무대에 설 수 있었던 까닭은 무엇일까 사랑에 대한 공감이나 시대적 배경에 대한 호기심 때문만은 아닐 것이다 이 작품이 200년이 지나도 전 세계인의 공감을 얻을 수 있었던 이유는 제인 오스틴 특유의 세밀한 포착력과 타고난 입담 덕분이었다 대개 걸작의 기준은 바로 보편적 감성이 좌우한다 세계인의 마음속에 새겨진 바로 그 작품 이제 더스토리의 오만과 편견 스페셜 에디션을 읽으며 210년 전에 창조된 걸작의 진한 향기에 흠뻑 취해 보자"
오무라이스 잼잼 15 (스페셜 리커버 양장본) (경이로운 일상음식 이야기),조경규,송송책방,"가족과 밥이라는 세상에서 가장 따끈한 두 가지 재료를 맛있게 버무린 음식 에세이 만화오무라이스잼잼이 출간 10주년을 맞았다 이를 기념해 완전히 새로운 일러스트레이션으로 표지를 꾸민 스페셜 리커버 양장본을 출간한다 각권의 에피소드에 등장한 음식을 과감하게 전면에 내세운 표지 그림은 그 자체로 소장 가치 100이다 



엄마 아빠 딸 아들로 구성된 작가의 가족이 먹고 살며 성장하는 이야기를 바탕으로 식재료와 지역에 관한 정보 요리법 유래 역사 과학 등 정보와 상식을 촘촘히 엮은오무라이스잼잼은 재미있게 읽다보면 몸과 정신의 영양까지 챙기는 건강한 작품이다



조경규 작가는 우리 집 식탁에서 이국의 군것질거리에 이르기까지 우리가 사랑하는 모든 음식들에 얽힌 흥미진진한 비화와 따스한 이야기를 엮어 재미난 만화를 만들어낸다 무엇보다 빛을 발하는 것은 침샘과 로망을 자극하는 디테일한 요리 묘사 조경규 작가의 음식 그림은 그냥 먹음직스럽기만 한 것이 아니라 매력 포인트가 탁월하게 포착되어 있어 그것을 먹을 때의 감정과 추억까지 고스란히 되살려낸다"
왜 좋은 일자리는 늘 부족한가,이상헌,생각의힘,"국제노동기구ILO 고용정책국장 이상헌의 신작
오늘날 일자리 문제의 본질을 탐구하다

시장의 논리와 인간의 존엄 사이에서 삶의 의미로서의 일을 재정의하는 책이 출간되었다 국제노동기구ILO 고용정책국장 이상헌이 일하는 삶의 경제학이라는 시리즈를 통해 오늘날 일자리 문제의 본질을 규명한다 숫자 너머를 보기 위해 불화 속에서 길을 찾기 위해 지금 여기에서 한국 사회가 풀어야 할 과제와 정면으로 마주한다 지난 30년간 국제기구 정책 현장 경제학 연구의 최전선에서 정책 개발과 조언을 업으로 삼아온 그가 학문적 고찰과 실천적 고민을 함께 담은 일자리 입문서를 선보인다 
시리즈 첫 책 왜 좋은 일자리는 늘 부족한가는 똑떨어지게 답이 나오는 경제학적 분석을 뛰어넘어 노동과 고용이라는 좁은 개념 밖에 존재하는 일하는 삶의 가치를 다시 묻는다 총 아홉 장으로 구성된 책은 각각의 장에서 좋은 일자리를 둘러싼 다층적 문제의식을 바탕으로 이 나라의 일하는 삶을 생생히 묘파하고 곳곳에서 현실적인 대안을 강구한다 실업 일자리의 사회적 가치 대가 또는 임금 최저임금 노동시간 기술변화 이주노동 정부와 기업의 역할 등 다양한 주제를 다루며 우리가 일과 일자리를 바라보는 방식을 근본부터 뒤흔든다 각종 경제 이론과 연구 결과 최신 국제 사례를 바탕으로 기존 경제학의 한계를 훌쩍 뛰어넘는 통찰을 제공하며 우리 앞에 놓인 복잡한 퍼즐을 함께 맞추어가는 흥미롭고도 보람 있는 여정으로 독자를 이끈다"
우리가 지혜라고 부르는 것의 비밀 (더 일찍 더 많이 현명해지기 위한 뇌과학의 탐구),딜립 제스테^스콧 라피,김영사,"지능이 답을 아는 것이라면
지혜는 그 답을 언제 말해야 할지 아는 것이다

끌리는 어른의 뇌에서는 무슨 일이 일어날까
세계에서 가장 많이 인용된 인지 노화 석학의 지혜 키우는 법

똑똑한 사람은 많아도 현명한 사람은 드물다 나이 듦도 지혜를 보장하지는 않는다 지혜란 무엇이며 어떻게 현명한 사람이 될 수 있을까 우리 머릿속 지혜의 자리부터 지혜를 측정하는 척도 현명한 사람들이 덜 외롭고 더 건강한 이유 지혜를 근육처럼 키우는 법 그리고 인공지능 너머 인공지혜의 가능성까지 신경생물학과 심리학의 관점에서 본 지혜의 비밀
20년 이상 건강한 노화와 지혜를 함께 연구하며 세계에서 가장 많이 인용된 저자ISI로 선정된 인지 노화 분야의 세계적 석학이자 신경정신과 전문의인 저자가 신화와 종교에서 주로 다뤄지던 지혜를 과학의 자리로 옮겨온다 노화 외로움 행복 등 현대사회의 다양한 정신건강 이슈 또한 새로이 통찰한다는 점에서 지금 우리의 몸과 마음 그리고 개인과 사회에 반드시 필요한 책이다"
음악과 생명 (양장),류이치 사카모토^후쿠오카 신이치,은행나무,"음악도 생명도 단 한 번뿐이기에 빛난다
자연의 소리로 음악을 만드는 예술가와
자연의 본질을 철학하는 생물학자의 마지막 대화

음악의 정상과 생물학의 정상에 오른 두 거장
자신의 여정을 거스르며 음악과 생명의 본질을 탐구하다
골든글로브 음악상과 아카데미 음악상을 거머쥐고 테크노 음악으로 시대를 풍미한 거장이자 열정적인 환경운동가 사카모토 류이치 생명은 자신을 파괴함으로써 살아간다라는 동적평형의 생명철학으로 일본을 대표하는 생물학자로 자리매김한 후쿠오카 신이치 전혀 다른 분야에서 활동하는 두 사람은 놀랍게도 자연을 어떻게 표현할 것인가라는 같은 주제를 20년 동안 공유하며 서로 영감을 주고받은 친밀한 사이다 음악과 생명은 자연의 순수한 소리를 음악으로 전달하려는 뮤지션과 실험실 바깥에서 생명의 본질을 포착하는 생물학을 주창한 생물학자가 음악과 생명이라는 서로의 분야를 넘나들며 나눈 감각적인 대화를 기록한 책이다 파괴에서 탄생한다라는 음악과 생명의 공통점에서 출발한 두 사람은 인간의 인지에 갇혀버린 지금의 음악생물학의 한계를 뛰어넘어 자연의 소리 있는 그대로의 생명을 포착할 방법을 탐구한다
사카모토 류이치는 음악적이라고 여겨지는 것에 소리가 예속되는 상태를 거부한다라는 존 케이지의 말을 되새기며 자신을 세계적인 음악가로 만들어준 서양음악의 전통에서 벗어나고자 한다 시간이라는 좌표축 위에 음표를 찍어 균형 잡힌 아름다움을 자아내는 기존의 음악이 우리가 들을 수 있는 자연의 풍부한 소리를 가둔다는 사실을 깨달았기 때문이다 대신 그는 자연의 소리가 예속되지 않는 음악을 작곡하기로 마음먹는다 한편 후쿠오카 신이치는 실험실에서 세포를 짓뭉개고 실험동물을 죽이고 유전자를 조작하는 기존의 생물학 연구는 생물生物이 아닌 사물死物에 몰두하는 것일 뿐 매 순간 변화하는 생명의 역동성을 포착할 수 없음을 깨닫는다 이는 생명을 하나의 기계로 여기고 이를 부품으로 분해해 작동 방식을 규명하려는 시도일 뿐 작은 애벌레가 번데기로 그 번데기가 나비로 부화하는 당연한 기적을 설명하지 못한다고 비판한다 두 사람은 음악과 생물학의 기원인 자연을 쪼개고 나누고 조작하는 기존의 방식은 아름답고 완벽한 유일한 정답을 향해 나아가지만 오류와 실패를 반복하는 자연에는 정답이란 없다고 입을 모은다 그로부터 자연을 있는 그대로 전달할 보다 해상도 높은 언어라는 새로운 목표를 함께 그려나간다"
이게 다 양자역학 때문이야,제레미 해리스,문학수첩,"인류 역사상 가장 큰 성공을 거둔 과학 이론을 불경스러운 눈으로 바라보다
책을 번역하면서 이렇게 웃어보긴 난생처음이다역자 박병철

올해 양자역학 탄생 100년을 맞아 양자역학 해석의 정론으로 굳건히 자리를 지켜온 코펜하겐 해석에 도전하고 양자역학을 이해하는 다양한 방법을 소개하는 책 이게 다 양자역학 때문이야원제 Quantum Physics Made Me Do It가 문학수첩에서 출간되었다 1925년 양자quantum의 운동을 해석하는 수학적 체계가 발표되고 오랜 시간이 흐르는 동안 관측이 일어나는 순간 파동함수가 붕괴된다는 보어의 붕괴이론이 양자역학의 확고한 해석으로 자리 잡았고 그 밖의 새로운 해석은 모두 배척되었다 누군가가 의문을 표하면 닥치고 계산이나 해Shut up and calculate라는 대답이 돌아올 뿐이었다 그러나 원자 차원 아주 작은 세상의 작동 원리를 설명하는 과학 이론인 양자역학은 인간 포함 원자로 이루어진 우주 만물의 본질을 들여다보는 렌즈가 될 수 있으며 그 본질은 렌즈의 종류에 따라 판이하게 다른 모습으로 나타난다
저자 제레미 해리스는 보어의 이론이 구축한 굳건한 성벽 바깥의 다양한 해석들을 소개한다 양자역학의 수학적 공식이나 원리 자체를 다루기보다 양자역학을 해석하는 다양한 관점과 철학적 의미에 관해 탐구하는 이 책은 닥치고 계산이나 해라는 윽박지름에 대한 통쾌한 반항이자 현대물리학이 발견한 아름답고 복잡한 양자 세계를 둘러볼 수 있도록 안내하는 유쾌한 가이드북이다"
이덕일의 킹메이커 (성공하는 지도자는 어떻게 만들어지는가),이덕일,삼인,"대선 정국을 읽어낼 중요한 키워드 참모들을 주목하라

성공하는 지도자 곁에는 늘 뛰어난 참모들이 있었다

 지도자와 참모가 배워야 할 권력의 숨은 속성
 국가와 공동체의 성패가 달린 인재 등용법
 참모라는 이름의 정치학 진정한 참모란 무엇인가

인물은 하늘이 내리지만
지도자는 참모가 만든다
ㆍ
우리 역사로 배우는 실전 참모학과 
통치의 미학
ㆍ
국가 지도자 정치가 각계각층의 리더와
이를 꿈꾸는 모든 이들이 읽어야 할 책

인물은 하늘이 내리지만 성공하는 지도자는 참모가 만든다 흥망성쇠로 이어지는 왕국의 역사는 제왕의 역사이기도 하지만 참모의 역사이기도 하다 성공하는 지도자는 참모가 만들며 반대로 인재 중용에 실패한 지도자가 성공한 예는 역사에 없다 우리 역사의 주요 장면을 날카로운 시각으로 새롭게 해석해온 역사학자 이덕일 그는 이 책을 통해 우리 시대의 지도자와 참모들에게 권력이란 무엇인지 통치란 무엇인지를 역사 속 인물의 입체적 모습을 통해 밝혀 보여준다 대선 정국을 읽어내는 또 하나의 키워드이자 크고 작은 조직에서 리더십을 발휘해야 하는 지도자와 참모들이 반드시 읽어야 하는 필독서"
이데올로기 브레인 (우리 안의 극단주의는 어떻게 만들어지는가),레오르 즈미그로드,어크로스,"왜 어떤 사람은 보수이고 어떤 사람은 진보인가 이 질문은 그간 과학의 렌즈로 인간의 정치적 태도와 의사결정을 밝혀내기 위한 주요한 연구 주제였다 하지만 정치신경과학의 선구자 레오르 즈미그로드 박사는 이제 다음 질문으로 넘어가야 할 때라고 주장한다 현상 이면의 본질을 가리키는 질문 어떤 이데올로기를 믿느냐가 아니라 인간은 왜 이데올로기적 사고에 빠져드는가를 알아내야 할 차례라고 말이다 
저자는 실험심리학 인지과학 신경과학의 방법론을 사용하여 정치적 신념이 외부 환경에 의해 형성되는 단순한 사회적 산물이 아니라 우리의 뇌에 침투하여 신경 구조와 세포 차원까지 연결된다는 놀라운 사실을 보여준다 그는 생물학과 환경 사이의 복잡한 상호작용을 통해 극단주의의 영향을 받을 잠재력이 있는 사람이 누구인지 다시 말해 어떤 뇌가 이념적 사고에 특별히 취약하고 또 어떤 뇌가 유연하며 자유롭게 사고할 수 있는지 그 이유를 조명한다 
팬데믹의 대유행 극우 포퓰리즘 세력의 장악 전쟁과 자연재해로 인해 물리적 안전에 위협을 느낄수록 사람들은 극단주의에 더 쉽게 물들게 된다 이 책은 신경과학이라는 도구를 통해 우리 내면에서 일어나는 일을 확대하여 바라볼 것을 권하며 이데올로기를 강요하는 인간 본성에 맞서 이분법적 사고와 권위에 저항하는 우리의 능력을 키워나가도록 도울 것이다"
이방인(초판본)(1944년 오리지널 초판본 표지디자인) (1944년 오리지널 초판본 표지디자인),알베르 카뮈,더스토리,"실존주의 문학의 선구자 노벨 문학상 수상작가 
알베르 카뮈의 대표작 이방인

르 몽드 선정 20세기 최고의 작품 1위
생의 부조리와 인간의 실존을 다룬 작품

억압적 관습과 현실의 부조리의 민낯을 보여 준
실존주의 문학의 대표 작품 이방인

이방인은 알베르 카뮈가 구상한 부조리극의 삼부작 중 하나이자 그가 쓴 최초의 소설이다 1942년 5월 말 출간 당시부터 문학적 사건으로 취급될 정도로 엄청난 호평을 받았으며 제2차 세계대전 이후 최대의 걸작이라는 극찬을 받았다 이방인은 작품 그 자체로 보나 20세기 서사 형식의 역사에서 보나 독보적인 위치에 있는 작품이다 당시 스물아홉의 젊은 알베르 카뮈를 세계적 작가의 반열에 올려놓고 1957년 노벨 문학상의 영예를 안겨주기도 했다 

20세기를 마감하던 1999년 프랑스의 권위지 르 몽드가 지난 세기 최고의 작품을 선정하는 투표를 실시했다 후보작 100편 중 1위를 차지한 작품이 바로 알베르 카뮈의 이방인이었다 이방인은 현재까지 전 세계 101개국에 번역되어 여전히 독자들에게 사랑받고 있다 인간이 처한 실존과 정의의 문제를 제기하며 사르트르와 함께 실존주의 문학의 선구자로 불린 알베르 카뮈는 이방인을 통해 인생과 세계의 부조리한 모습을 보여 줬다 이방인의 뛰어난 작품성은 영어 번역 논란을 불러왔는데 미국에서는 Stranger로 영국에서는 Outsider로 다르게 번역되며 끝없는 논쟁을 계속하고 있다 

책은 1부와 2부로 나뉘어 진행된다 제1부는 18일 동안 연속적으로 전개되는 뫼르소의 욕망과 즉흥적인 행동을 서술하며 제2부는 이 즉흥적인 욕망과 행동에 대한 재판 과정이 담겨 있다 카뮈는 자신을 둘러싼 모든 것들에서 철저하게 소외된 작중 화자인 뫼르소의 삶 죽음에 이르러서야 자기 자신과 세계를 마주하게 되는 화자의 모습을 통해 억압적인 관습과 부조리 속에서 살아가는 고독한 현대인의 초상을 드러냈다 우리 사회에서 당연하게 여기는 도덕과 관습을 따르지 않는 주인공 뫼르소의 행동 때문에 난해한 작품이라는 평가를 받기도 했던 소설 이방인을 더스토리의 1944년 오리지널 초판본 표지디자인으로 만나보자

프랑스 출신 신인 작가가 쓴 이 작품의 객관성은 경이롭기까지 하다
_이방인 첫 미국 출간 당시의 1946년 뉴욕타임스 리뷰"
"이슬람, 신라를 말하다: 무슬림의 이상향, 세계의 이정표 (무슬림의 이상향, 세계의 이정표)",정진한,씨아이알,"무슬림들이 기록한 신라의 흔적을 추적하다
이슬람 세계 속 동쪽 끝의 문명 신라

7세기에 이르러 이슬람이라는 종교의 등에 올라 지중해와 인도양 끝까지 진출한 아랍인들은 이전까지 어떤 인류도 섭렵하지 못했던 광대한 영역을 직접 발로 밟고 눈으로 보고 귀로 들으면서 세상 구석구석에 분포한 자연과 사람들에 관한 가장 방대하고 정밀한 세계지리 정보를 종합했다 놀랍게도 이 방대한 지리백과의 마지막 쪽을 짧지만 강한 인상으로 채운 항목은 바로 한반도 내의 고대 왕국들을 통일했던 나라 신라였다 
무척 이례적으로 이 중세 무슬림들은 앞서 고대와 중세를 통틀어 동아시아 바깥 세계의 어느 작가도 주목하지 않던 신라에 관해 다양하고 풍부한 기록을 남겼다 이 책은 이슬람 세계의 필사본과 고문헌 속에 기록된 신라의 흔적을 추적하며 무슬림들이 신라를 어떻게 바라보고 평가했는지를 고찰한다 
신라는 무슬림들에게 중국 다음으로 중요한 동아시아 국가로 인식되었다 9세기 당나라 말기의 국제 무역 중심지였던 신라는 무슬림들이 동아시아에서 활동하던 시기에 주목받았으며 중국과의 관계 속에서도 중요한 지위를 차지했다 또한 신라로 이주한 무슬림들이 그 땅의 풍요와 안락함에 매료되어 돌아가지 않았다고 믿었으며 이는 신라 멸망 이후에도 오랫동안 전해졌다 
신라에 대한 무슬림들의 인식은 단지 하나의 나라에 대한 이해에 그치지 않고 이슬람 세계의 우주관과 세계관 나아가 유럽과 동아시아의 세계 인식에도 영향을 끼쳤다 신라는 무슬림들이 이상향처럼 여긴 황금의 섬으로서 동남아시아에 대한 인식과도 연결되었고 이는 훗날 유럽인들이 지팡구라 불렀던 전설의 섬을 찾아 떠나는 동기를 제공하게 된다
그러나 이러한 인식들이 형성되는 동안 신라나 고려는 능동적으로 개입하지 않았으며 무슬림들이 신라에 대해 어떤 평가를 내리고 있는지조차도 인지하지 못했을 가능성이 크다 그럼에도 불구하고 신라가 중세 이슬람 세계와 이후 유럽 지리학에까지 큰 영향을 미친 조용한 영향력의 주인공이었다는 것은 확실하다
이 책은 과거 무슬림들이 동방의 한 나라에 대해 가졌던 특별한 관심을 돌아보며 우리가 미처 몰랐던 신라의 새로운 면모를 무슬림의 시각으로 전하고 있다"
이승만 건국 대통령 이야기,정현채,보담,"그림과 사진으로 쉽게 알아보는 근현대사 엄마가 들려주는 역사 이야기
독립부터 건국까지 국민의 자유를 위해 일생을 바친 대한민국 건국 대통령 이승만의 이야기 개정증보판"
이중 하나는 거짓말 (김애란 장편소설),김애란,문학동네,"서로 만나지 않고도 이루어지는 애틋한 접촉
그림과 비밀 그리고 슬픔으로 서로 밀착되는 세 아이의 이야기

젊은 거장 김애란 13년 만의 신작 장편소설

한국문학의 결정적 순간을 만들어온 김애란의 신작 장편소설 이중 하나는 거짓말이 문학동네에서 출간되었다 몇 년 전 진행된 한 인터뷰에서 차기작에 대해 묻는 질문에 작가가 빛과 거짓말 그리고 그림에 관한 이야기라고 설명한 것 외에는 모든 것이 베일에 가려져 있던 바로 그 작품이 오랜 기다림 끝에 마침내 공개되는 것이다 2002년에 작품활동을 시작해 올해로 작가생활 23년 차에 접어드는 김애란은 신중한 걸음으로 작품세계를 일구어나가며 지금까지 소설집 네 권과 장편소설 한 권을 선보였지만 다섯 권 모두 여전히 널리 읽히며 책 제목만으로도 우리 각자에게 고유한 장면을 떠올리게 하는 드문 생명력을 지니고 있다 활달한 유머와 상상력으로 앞을 향해 달려나가는 달려라 아비창비 2005부터 우리를 둘러싼 삶의 조건을 골똘히 응시하며 안과 밖의 시차를 포착한 바깥은 여름문학동네 2017까지 한자리에 멈춰 서지 않은 채 조금씩 자리를 옮겨가며 어렵게 얻어낸 이해의 결과물이 책 한 권 한 권에 담겨 있는 것이다 
이중 하나는 거짓말은 고등학교 2학년인 세 아이가 몇 가지 우연한 계기를 통해 서로를 의식하기 시작한 후 서서히 가까워지며 잊을 수 없는 시기를 통과해나가는 이야기이다 소설에서 주요하게 다뤄지는 시간대는 두 달 남짓한 짧은 방학이지만 우리는 세 아이의 시점을 오가면서 서서히 진실이 밝혀지는 독특한 구성을 통해 현재에 다다르게 된 인물들의 전사를 총체적으로 경험하게 된다 결코 길지 않은 이 소설이 무엇보다 광활하게 느껴지는 것은 이 때문일 것이다 무엇을 어떻게 말할 것인가라는 문제 앞에서 깊이 고심한 끝에 완성된 이중 하나는 거짓말은 소설의 구조에 대한 고민이 어떻게 인물에 대한 이해와 연결되는지를 마지막에 이르러 감동적으로 제시한다 누군가의 눈동자에 빛을 새겨넣을 때 붓 끝에 아주 적은 양의 흰 물감196쪽을 묻혀야 하는 것처럼 소량이지만 누군가의 영혼을 표현하는 데 꼭 필요한 그 무엇처럼 김애란은 누군가의 영혼을 그러니까 결코 진부하게 요약될 수 없는 인물의 다면적이고 중층적인 삶을 특유의 간결하고 여운 가득한 문장을 통해 그려 보인다"
인생 녹음 중 (노래와 웃음이 함께하는 티키타카 부부의 일상),인생 녹음 중 부부,김영사,"131만 구독자가 사랑한 찰떡같은 부부 바이브
인생 녹음 중 첫 에세이

웃음 부자 부부가 
삶의 징검다리를 유쾌하게 건너는 법

유튜브 미공개 에피소드 대방출
아내가 듣고 눈물 흘린 잠데르센 남편의 옛날이야기 수록

부부 티키타카가 재밌다 배려 깊은 소소한 대화에 절로 행복해진다 결혼 장려 영상이라는 평으로 사랑받으며 첫 영상 업로드 9개월 만에 구독자 100만 명을 돌파한 유튜버 인생 녹음 중 부부 많은 이들에게 웃음과 힐링을 전해온 이들의 첫 번째 에세이 인생 녹음 중이 출간되었다 개그감 넘치는 아내와 물 흐르듯 자연스러운 추임새로 받아주는 남편의 시트콤 같은 일상과 연애사를 남편이 직접 그린 그림과 함께 따뜻하게 담아냈다 스마트폰 없인 잠이 오지 않다던 아내를 꿀잠에 빠트린 잠데르센 남편이 지어낸 옛날이야기도 특별부록으로 만나볼 수 있다
이 책에는 단짠단짠 현실에서도 하루치 웃음만은 꼭 붙들어온 부부만의 행복 실마리가 가득 담겨 있다 피식 웃음 나고 가슴 찡한 프러포즈 일화부터 결혼식 준비 과정 사는 게 만만치 않을 때 함께 의지하며 어려움을 넘긴 에피소드 둘만의 화해법까지 서로가 완벽히 맞는 사람이어서나 가진 것이 풍족해서가 아니라 기꺼이 하루를 웃음으로 채우고 배려와 이해에 가까워지려는 선한 노력으로 두 사람의 행복은 만들어진다 

저희 영상에 예쁜 옷이나 멋진 집은 없어요 실력보다는 흥을 표방하는 노랫소리와 사람 좋은 웃음소리만 있습니다 그럼에도 많은 분들이 그 속에서 행복을 발견해주시지요 결국 우리가 원했던 건 부족한 나라도 포용해줄 수 있는 누군가가 아니었을까요 세상이 원하는 게 아닌 오직 나에게 있어 진정 행복하고 의미 있는 삶은 어떤 모습일지에 대해 다시금 곱씹게 되는 요즘입니다 _본문에서"
"일상이 고고학, 나 혼자 서울 사찰 여행 (조선 불교 이야기)",황윤,책읽는고양이,"부처님오신날 석가탄생도를 따라 떠나다

부처님오신날을 앞두고 책읽는고양이에서 일상이 고고학 나 혼자 서울 사찰 여행을 펴냈다 표지에는 천상천하 유아독존을 외치는 석가탄생도의 석가모니가 서울 사찰 여행으로 초대하고 있다 
석가탄신일을 맞아 최근 오랜만에 한국에 나들이 온 조선 전기 불화로 추정되는 석가탄생도와 석가출가도를 자세히 만나며 불교를 접하는 것도 의미 있는 일이 될 것이다"
일의 말들 (가뿐한 퇴근길을 만드는 감각),황효진,유유,사람들은 대부분 저마다의 일터에서 각자의 일을 하고 있다 먹고살기 위해서 누구든 일을 하지만 정작 일에 관하여 일터에 관하여 일하는 환경과 동료 태도와 목적에 관하여 깊이 생각해 볼 기회는 별로 없다 이 책은 다양한 분야에서 여러 직무를 경험해 본 저자가 건강하게 일하는 방법을 고민하며 일에 관해 함께 생각해 볼 만한 백 가지 문장을 모은 책이다 삶에서 일이란 무엇이고 또 무엇이어야 하는지 일터 안팎에서 일상을 어떻게 꾸려야 하는지 일터에서의 성장은 어떻게 가능한지 등 일하는 사람이라면 공감할 이야깃거리가 가득하다
읽으면 수학천재가 되는 만화책 초급 (중학교 1학년) (중학교 1학년),김지영,올드스테어즈,"재미없는 문제는 집어던지고 수학에게 물어봅시다 그래서 네가 진짜 하려는 말이 뭔데

많은 사람들에게 수학은 골칫덩이입니다 수학은 어렵고 재미없고 때로는 쓸모도 없어 보이죠 사람들은 복잡한 수식이 가득한 문제집을 뒤적이며 꼭 이렇게 말하곤 했습니다 이걸 어디다 써먹어 내 인생에 이 공식을 써먹을 일이 한 번이라도 있긴 해 물론 그건 백 번도 맞는 말입니다 기억하기도 힘든 복잡한 공식 따위 내 인생에 써먹을 일 없겠죠 그러나 그렇게 말하면 수학의 입장에서도 억울하고 속상합니다 수학이 말하고자 하는 건 단지 그 공식이 아니라 그 공식 안에 숨어 있는 이야기거든요

수학의 말을 알아듣기 위해선 수학이 숫자를 통해 어떤 세상을 보여주고 싶어 하는지 알아야 합니다 중요한 것은 23이 6이라는 사실이 아니라 두 사람에게 세 송이의 꽃을 주려면 여섯 송이의 꽃이 필요하다는 사실이니까요 모든 수학적 사실은 우리가 살아가는 세상을 설명하기 위해 존재합니다 그렇기 때문에 숫자만 가득한 문제집에 코를 박고 있어서는 절대로 수학을 이해할 수 없었던 것이죠 이제 그런 재미없는 문제들은 집어던집시다 그리고 높은 의자에서 수학을 끌어내려 두 눈을 똑똑히 보며 물어봅시다 그래서 네가 진짜 하려는 말이 뭔데라고요

이 책은 수학이 처음 태어난 곳으로 우리를 데려다줄 것입니다 수가 생겨나고 덧셈과 뺄셈이 생겨나고 분수와 소수가 탄생하던 곳 그곳에서 우리는 수학과 못다 나눈 대화를 나눌 수 있을까요 외계어에 불과했던 숫자를 진정으로 이해하게 될까요 이제는 마음의 문을 열고 수학의 이야기를 들어볼 차례입니다"
작별하지 않는다 (한강 소설ㅣ2024년 노벨문학상 수상작가 l 2023년 메디치 외국문학상 수상),한강,문학동네,"무엇을 생각하면 견딜 수 있나
가슴에 활활 일어나는 불이 없다면
기어이 돌아가 껴안을 네가 없다면

이곳에 살았던 이들로부터 이곳에 살아 있는 이들로부터
꿈처럼 스며오는 지극한 사랑의 기억

2016년 채식주의자로 인터내셔널 부커상을 수상하고 2018년 흰으로 같은 상 최종 후보에 오른 한강 작가의 5년 만의 신작 장편소설 작별하지 않는다가 출간되었다 2019년 겨울부터 이듬해 봄까지 계간 문학동네에 전반부를 연재하면서부터 큰 관심을 모았고 그뒤 일 년여에 걸쳐 후반부를 집필하고 또 전체를 공들여 다듬는 지난한 과정을 거쳐 완성되었다 본래 눈 한 송이가 녹는 동안2015년 황순원문학상 수상작 작별2018년 김유정문학상 수상작을 잇는 눈 3부작의 마지막 작품으로 구상되었으나 그 자체 완결된 작품의 형태로 엮이게 된바 한강 작가의 문학적 궤적에서 작별하지 않는다가 지니는 각별한 의미를 짚어볼 수 있다 이로써 소년이 온다2014 흰2016 눈 연작2015 2017 등 근작들을 통해 어둠 속에서도 한줄기 빛을 향해 나아가는 인간의 고투와 존엄을 그려온 한강 문학이 다다른 눈부신 현재를 또렷한 모습으로 확인할 수 있게 되었다 오래지 않은 비극적 역사의 기억으로부터 길어올린 그럼에도 인간을 끝내 인간이게 하는 간절하고 지극한 사랑의 이야기가 눈이 시리도록 선연한 이미지와 유려하고 시적인 문장에 실려 압도적인 아름다움으로 다가온다"
작은 사람들의 일상사,권내현,푸른역사,"신선하고 흥미로운 밑으로부터의 역사
또 다른 역사하기를 위한 마중물 9편

역사를 읽는 또 다른 방법을 모색하다
 역사는 승자의 기록이란 말도 있지만 돌이켜보면 서민이나 민중은 역사를 갖지 못했다 소수의 권력자와 지식 엘리트들만이 역사를 남길 수 있었을 따름이다 게다가 우리는 국가 위인 자본 등 거시적 구조로 대부분의 역사를 읽어냈기 때문에 개인과 그 삶에 대해 그리고 시대별로 주어진 환경에 따라 인간다운 삶을 추구하는 양식을 제대로 파악하지 못했다 1990년대 한국에 소개된 일상사 연구는 일상 탐구를 통해 역사학이 처한 현재의 미로를 헤쳐 나가는 또 다른 방법을 모색하려는 시도이다

 민중사를 포괄 또는 뛰어넘는 방법론
 물론 20세기 초반 프랑스와 독일에서 시작된 일상사 연구의 개념이 확립된 것은 아니다 한국 연구자들 사이에서도 일치된 의견이 있지는 않다 그러기에 근대에 의해 파괴되는 일상르페브르 자본에 대항하는 일상하루투니언 생활세계로서의 일상하버마스 등 다양한 연구가 일상사의 이름으로 이뤄졌고 국내에서도 민중사 구술사 생애사 등 다양한 명칭과 방법론이 등장했다 이 책에 참여한 연구자들은 일상을 하나의 영역으로 보는 것은 오해라고 주장한다 그보다는 일상을 밑으로부터 시각의 하나로 이해하자고 제안한다 작은 사람들이 아래로부터 자기 삶의 조건에 규정되면서도 그 조건을 전유하는 실천으로서의 일상을 강조하는 것이다

 일상 속 사건으로 일상 다시 보기
 학문사적 의미를 떠나 책에 실린 글은 그 자체로 흥미롭다 18세기 영월 신씨가 여성의 청원과 소송을 분석한 김경숙은 남편이 부재한 상황에서 도망 노비 추쇄를 위해 소송은 물론 국왕에게 상언ㆍ격쟁도 불사하는 적극적 법 활동을 보여준다 일제강점기 조선인들이 삶은 한 방편으로 이뤄진 불온인물에 대한 투서라는 동조정병욱 195060년대 풍기문란의 내용과 이에 대한 여학생들의 저항소현숙 1970년대 전북 임실의 한 마을에 만연했던 폭력의 실태안승택 등 역사책에서는 만날 수 없는 흥미로운 역사를 마주할 수 있다 이 밖에 정치종교로서의 새마을 운동이상록 부산 형제복지원의 불운한 아이들주윤정 교토 민족학교 건립을 둘러싼 갈등이타가키 류타 등도 놓치기 아까운 글들이다

 일상사 연구자들의 성과를 한자리에
 이 책에 실린 9편의 글은 2019년 9월부터 2024년 7월까지 고려대와 독일 튀빙겐대학교 영국의 에딘버러대학교에서 열렸던 다섯 차례의 일상사 워크숍에서 발표된 논문을 골라 엮은 것이다 이보다 앞서 일상사 연구의 개척자인 독일 알프 뤼트케 교수의 일상사란 무엇인가2002가 번역 출간되었고 젊은 국내 학자들이 중심이 된 일상사로 보는 한국 근현대사2006가 출간되어 한국에서의 일상사 연구를 위한 물꼬를 튼 바 있다 이 책은 그간의 연구 공백을 메우며 현재 국내 일상사 연구의 성과를 부분적으로나마 한자리에서 엿볼 수 있다는 점만으로도 귀한 의미가 있다"
"저스티스의 한 뼘 더 깊은 세계사: 유럽 편 (5,000년 유럽사의 흐름이 단숨에 읽히는)",저스티스(윤경록),믹스커피,"세계를 뒤흔든 유럽사의 결정적 순간들
5000년 유럽사의 흐름을 단숨에 읽는 법

 역사 유튜브 저스티스의 첫 책 
 구독자 14만 누적 2700만 뷰의 인기 채널 
 믿고 보는 역사 채널 출간 요청 쇄도 

구독자 14만 누적 2700만 뷰를 자랑하는 역사 유튜브 저스티스의 유럽사 이야기를 단행본으로 출간했다 수메르 문명 그리스 문명 로마 제국으로 이어지는 고대 유럽사 혼란과 무질서 중세 한가운데서 십자군 전쟁으로 충돌하는 기독교와 이슬람 르네상스종교개혁대항해 시대 등 결정적 순간들이 펼쳐지는 근세 유럽 근대 들어 혁명과 자본과 제국의 소용돌이가 일어나고 현대 들어선 파국과 황금의 양극단이 혼란스럽다 방대하기 이를 데 없는 5000년 유럽사의 흐름을 단숨에 읽기 쉽게 스토리텔링하여 전한다 

이 책 저스티스의 한 뼘 더 깊은 세계사유럽 편는 세계를 뒤흔들기에 충분했던 유럽사의 결정적 순간들을 고대부터 중세 근세 근대 그리고 현대까지 연대기 순으로 압축하여 전한다 영상에서 미처 다루지 못한 부분을 채우고 정확하지 않은 표현을 수정했으며 적재적소에 사진과 그림 그리고 감각적인 지도를 배치해 영상보다 더 직관적으로 또 자세하게 독자분들께 다가가려 했다 영상과는 또 다른 매력을 기대해봐도 좋지 않을까 싶다"
절 마당에 앉아 (성진스님 인생 방편집),성진,김영사,"유쾌한 힐링 멘토 성진스님이 전하는 
따뜻한 마흔 가지 인생 방편집

어쩌다 어른역사저널 그날 라디오 여성시대 양희은 김일중입니다 등 다양한 프로그램을 통해 대중과 친근하게 소통 중인 성진스님의 행복하게 사는 마흔 가지 인생 방편을 담았다 절 마당에 앉아 여러 인연들과 인간관계 일상생활 내면의 불안 은퇴 후 삶 등 현대인이 겪는 고민에 관해 이야기 나누고 따뜻한 시선과 불교적 지혜를 바탕으로 삶의 지침을 제시해 저마다의 삶을 돌아보고 위로받을 수 있도록 돕는다 특히 각 장마다 불경 말씀을 인용해 읽고 써보며 삶의 의미가 마치 향냄새가 몸에 스미듯 자연스럽게 몸에 스미도록 해 인생을 둥글고 환하게 살도록 이끌어준다"
정관스님 나의 음식,정관^후남 셀만,윌북,"즐겁게 드시라 걱정도 미움도 본래는 없다

세계에서 가장 유명한 사찰음식 명장
넷플릭스 다큐멘터리 셰프의 테이블 화제의 주인공
정관스님의 삶과 사계절 레시피를 담은 특별한 에세이

세계에서 가장 유명한 사찰요리 명장 정관스님의 첫 번째 에세이가 출간된다 한 그릇 음식에 담긴 지혜와 정성스레 정리한 사계절 레시피 58개를 아름다운 사진과 함께 담아냈다 정관스님은 도란도란 대화를 나누듯 무엇을 어떻게 먹어야 더 건강하고 행복해질 수 있는지 이야기를 들려준다 향기로운 차 한 잔을 마시는 듯한 고요한 기쁨이 책장마다 서려 있다 

정관스님은 열일곱 살에 출가한 이래로 50여 년 동안 몸과 마음을 맑히는 사찰음식을 만들고 알리는 일에 힘써왔다 넷플릭스 최고의 화제작 셰프의 테이블 출연은 정관스님과 스님의 음식을 우리나라를 넘어 전 세계에 널리 알리는 계기가 되었다 뉴욕 타임스는 정관스님을 철학자 셰프라 소개했고 세상에서 가장 진귀한 음식을 맛보고 싶다면 스님이 계신 천진암으로 가야한다며 찬사를 보냈다 이제는 매해 세계 각지에서 수백 명의 방문객과 미쉐린 스타 셰프들이 스님의 음식을 맛보고 배우기 위해 천진암을 찾는다

이 책은 정관스님이 한땀 한땀 집필한 레시피를 최초로 공개한다는 점에서 더욱 특별하다 스님의 시그니처 음식인 표고버섯 조청 조림부터 여름 토마토장아찌 가을 우엉 고추장 양념구이 스님이 자기 음식의 비결로 꼽는 각종 양념장과 청 담그는 방법까지 자연의 기쁨을 온몸으로 느끼며 각 계절에 가장 영양가가 풍부한 채소를 배우고 식재료 고유의 맛과 풍미를 살리며 음식에 건강한 에너지를 불어넣는 법을 만날 수 있다 

사찰음식은 인생이라는 수행길을 가는 누구에게나 더 좋은 삶을 살도록 돕는 지혜의 음식이다 정관스님은 요리도 수행이라 말한다 순간에 집중하며 재료 하나하나에 정성을 다하고 자꾸만 더하는 게 아니라 덜어내는 일 스님 말씀처럼 이렇게 만든 요리는 생에 큰 힘이 된다 어쩌면 스님이 우리에게 가르쳐주는 것은 레시피가 아니라 내 삶을 정갈하게 돌보는 일일 것이다"
제16회 젊은작가상 수상작품집(2025),백온유^강보라^서장원^성해나^성혜령^이희주^현호정,문학동네,"오늘 한국문학이 마침내 도달한 가장 높은 끓는점
우리의 체온을 뜨겁게 달구는 일곱 편의 열망들

한국문학의 새로운 미래를 함께하고자 2010년 제정된 젊은작가상이 올해로 어느덧 16회를 맞이했다 데뷔 십 년 이내의 젊은 작가들이 한 해 동안 발표한 소설 가운데 지금 여기에서 창발하는 문제의식을 가장 예리한 시선으로 포착해낸 작품에 주목하고자 마련된 젊은작가상은 지난해까지 모두 66명에 이르는 새로운 얼굴을 소개하며 한국문학에 생기를 더했다 올해 젊은작가상에 이름을 올린 수상 작가는 백온유 강보라 서장원 성해나 성혜령 이희주 현호정이다 이 상의 수상자로는 처음 이름을 올린 백온유 강보라 서장원 이희주 네 명의 등장이 반갑고 특히 젊은작가상 첫 수상을 대상으로 장식한 백온유의 성취가 뜻깊다 2023년 수상자인 성혜령 현호정 2024년 수상자인 성해나의 재등장은 현재 한국문학을 이끌어가는 주역이 누구인지를 가늠케 해준다 끓고 끓다가 마침내 비등점에 도달한 듯 폭발적인 에너지를 쏟아내는 작품들 삶을 돌아보게 하고 문학의 존재 가치를 실감하게 이끌어줄 일곱 편의 소설이 우리 앞에 찾아왔다

 젊은작가상 수상자들에게는 상금 각 700만원과 트로피가 수여되며 수상작품집의 인세10가 상금을 상회할 경우 초과분에 대한 인세를 수상자 모두에게 똑같이 나누어 지급한다 수상작품집은 젊은 작가들을 널리 알리자는 상의 취지에 따라 출간 후 1년 동안은 특별보급가로 판매한다"
제2차 냉전 시대,제이슨 솅커,더페이지,"다가올 미래 누가 지배할 것인가
블룸버그 선정 세계 1위 미래 전략가 제이슨 솅커가 
예측하는 가장 정확한 제2차 세계 냉전의 통찰

신냉전의 전장에 선 지금 준비할 것인가 당할 것인가
혼돈의 시대 전략은 선택이 아니라 생존이다

전쟁은 시작됐다 제이슨 솅커는 그 전장의 지도를 우리 손에 쥐여 준다 _포브스

지금 전 세계는 생존을 건 제2차 냉전에 돌입했다 과거 냉전과는 차원이 다르다 국가 간 물리적 충돌 대신 공급망은 무기화되고 기술이 국경을 대신하며 정보와 데이터가 전장의 중심이 되는 새로운 전쟁이 펼쳐지고 있다 작가 제이슨 솅커는 블룸버그가 선정한 세계 1위 미래 전략가다 미국 국방성 국무부 나토 CIA 연방준비제도이사회 등 다양한 정부국제 기구민간 부문에서 전략 자문가로 활동하며 1200회 이상 기조연설을 해왔다 그는 코로나19로 전 세계가 극심한 불확실성에 휩싸였을 때 코로나 이후의 세계를 통해 위기를 기회로 바꾸는 방향을 제시하며 주목받았다 그리고 2025년 들어 더욱 격화되는 신냉전 상황에서 그는 이 책 제2차 냉전 시대로 다시 한번 예리한 통찰과 전략적 시각을 보이며 전례 없는 글로벌 갈등의 실체를 날카롭게 해부한다

미국과 중국 러시아 이란 북한을 중심으로 형성된 양극 체제는 더 이상 강대국 경쟁만이 아니다 그것은 이미 구조화된 냉전 질서이며 우리가 매일 마주하는 경제적ㆍ기술적ㆍ안보적 혼란의 원인이기도 하다 작가는 말한다 이 전쟁은 더 이상 탱크와 미사일로만 이루어지지 않는다고 이제 전장을 지배하는 것은 반도체 에너지 희토류 알고리즘 그리고 AI 기반의 허위 정보다 국가 간 경제가 긴밀히 연결된 시대 공급망을 끊고 기술을 차단하는 것이 곧 적국을 무너뜨리는 가장 강력한 전략이 되었다 이 책에서 그는 관세가 경제적 방패이자 칼이 되는 구조 사이버전이 국가 안보의 중심으로 부상한 현실 그리고 기술 패권을 둘러싼 양극화된 세계를 조망한다

작가는 신냉전이라는 시대상을 통해 공포를 부추기려는 것이 아니라 이 복합적 갈등을 헤쳐나가기 위한 전략적 시나리오를 제시한다 기업 정부 군 개인 모두가 미래를 사고하는 법을 익히고 그에 맞춰 조직의 구조와 사고방식을 재설계해야 한다 이제 경제 안보 사이버 방어 기술 주권 공급망 회복 탄력성은 선택이 아니라 생존의 기준이다
제2차 냉전 시대는 예언이 아니다 이는 선언이자 현실이며 동시에 행동을 요구하는 전략서다 이 책은 당신이 어떤 위치에 있든 이 냉전의 한복판에 서 있다는 사실을 일깨운다 그리고 그 전장의 지도를 건네준다 이제 선택은 당신의 몫이다 준비할 것인가 무방비로 당할 것인가"
제국의 음모,하스미 시게히코,문학과지성사,"어쩌면 이 고귀한 사생아는 자기동일성의 애매함 자체가 하나의 무기가 될 수 있는 시대의 도래를 예감하고 있었으며 과감하게 익명성에 집착함으로써 이러한 시대의 지배적인 풍조에 잘 영합하고 있었는지도 모른다

일본의 불문학자이자 문학비평가 하스미 시게히코의 제국의 음모1991가 문학과지성사의 채석장 시리즈로 출간되었다 하스미 시게히코는 가라타니 고진과 더불어 일본을 대표하는 지식인으로 손꼽히지만 국내에서는 영화비평가로서의 면모가 더 부각되어왔다 제국의 음모는 그의 본업인 문학비평가로서의 작업에 보다 가까운 책으로 나폴레옹 보나파르트의 조카인 루이 나폴레옹과 그의 의붓동생 드 모르니가 보나파르트의 쿠데타를 모방해 일으킨 1851년 12월 2일의 쿠데타를 소재로 삼는다 마르크스는 헤겔은 어딘가에서 세계사에서 막대한 중요성을 지닌 사건과 인물 들은 두 번 반복된다고 말했다 그러나 그는 이렇게 덧붙이는 것을 잊었다 첫번째는 비극으로 그다음에는 소극으로라는 유명한 문장으로 시작되는 루이 보나파르트의 브뤼메르 18일에서 이 사건의 정치적 과정을 분석한 바 있다 하스미는 마르크스의 분석이 매우 예리하긴 하지만 몇 가지 중대한 측면을 간과함으로써 사건의 본질을 간파하는 데 결정적으로 실패했다고 지적하면서 마르크스가 이름만 거론하고 넘어갔던 드 모르니라는 인물을 무대 중앙으로 끌고 나온다 하스미는 루이 보나파르트가 나폴레옹 3세로서 즉위하는 1852년부터 폐위가 결정되는 1870년까지의 제2제정기에 대大나폴레옹의 열화된 모방품에 불과했던 루이 나폴레옹과 가짜 이름을 지닌 지극히 범용한 존재였던 의붓동생이 모의한 이 1851년의 쿠데타가 어떤 방식으로 작동했는지 서술하면서 이를 포스트모던의 핵심적 장면으로 그리고 드 모르니를 포스트모던 최초의 전형적 인물로 바라보는 흥미로운 해석을 내놓는다"
조선 궁궐의 직업 세계 (궁궐은 조선 시대 최고의 일터였다),박영규,옥당북스,"궁궐은 조선 시대 최고의 일터였다

조선 궁궐 안에는 20여 개의 관청이 있었다 이곳에서는 양반부터 노비까지 다양한 계층의 사람들이 매일같이 출퇴근하며 근무했다 이들은 신분에 상관없이 궁궐에서 근무한다는 사실만으로도 대단한 자부심을 느꼈다 심지어 계약직이거나 월급이 없더라도 궁궐에서 근무하는 것을 매우 선호했다 그만큼 궁궐은 조선인들에게 꿈의 직장이었다
작가는 이 책에서 궁궐에서 일하는 다양한 직업군과 근무 환경을 소개한다 조선인들이 가장 원하는 직장은 어디였는지 무슨 일을 하고 얼마를 벌었는지 직업 문화는 어땠는지 등을 직업별로 나누어 살펴볼 수 있다"
주택청약의 모든 것(2025~2026) (한국부동산원 청약홈이 선보이는 대한민국 주택청약 바이블),한국부동산원,한빛비즈,"신혼부부신생아 가족 내 집 마련 필독서
4년 연속 대한민국 No1 주택청약서
2025년 4월 시행된 주택청약제도 완벽 반영
출간 후 변경되는 청약 정보 업데이트 서비스

청약업무 수행기관 한국부동산원이
정확하고 쉽게 풀어 설명한
20252026년 주택청약의 모든 것

2025년 3월 31일 개정시행된 주택청약제도를 반영하여 주택청약의 모든 것이 4번째 개정판을 출간했다 매년 새롭게 바뀌는 주택청약제도를 정확하게 담고 복잡한 제도를 쉽게 설명함으로써 독자들에게 큰 사랑을 받고 있는 이 책은 2022년 초판이 출시된 이래 지금까지 4년 연속 스테디셀러로 자리매김하고 있다 이번 20252026년 최신 개정판 역시 청약업무 수행기관인 한국부동산원이 직접 써 변경된 제도를 완벽하고 꼼꼼하게 해설했다

대한민국 청약제도가 매년 개정에 개정을 거듭하고 있지만 그 방향은 뚜렷하다 가족이 안정적으로 거주할 수 있는 환경을 제공함으로써 저출산 시대의 위기를 극복하겠다는 것이다 그에 따라 신혼부부와 2세 이하의 자녀를 둔 신생아 가정에 대한 청약 조건이 크게 완화됐다 이들을 대상으로 한 공급 물량이 대폭 늘어났으며 특별공급에 최대 3회까지 청약할 수 있다 공공주택 신생아 특별공급 외에도 공공주택 일반공급 물량의 50와 신혼부부생애최초 특별공급 물량의 35 20를 신생아 가정에 우선공급한다 또한 배우자나 본인이 주택을 소유했거나 주택청약에 당첨된 이력이 있어도 특별공급에 한 번 이상 청약할 수 있는 기회가 주어진다 구체적인 자격조건을 확인하여 주어진 기회가 있다면 최대한 활용해보자

또한 청약예부금과 청약저축을 모든 주택 유형에 청약할 수 있는 주택청약종합저축통장으로 전환할 수 있게 되면서 청약통장 활용법이 더욱 다양해졌다 이와 같은 최신 개정 내용 외에도 각 공급별 신청 자격과 소득 기준 공급 유형별 배점과 선정 방식 등 청약자라면 기본적으로 알고 있어야 할 정보 역시 일목요연하게 정리되어 있다 독자들의 청약 당첨을 기원하며 출간 후 추가로 청약 정보가 변경될 경우 한국부동산원이 신속하게 업데이트할 예정이며 해당 내용은 책 속 QR코드를 스캔하여 확인할 수 있다"
징비록 (전란을 극복한 불후의 기록),유성룡,을유문화사,"초간본의 의도를 최대한 살린 충실한 번역
전란의 시대를 깊이 있게 조망한 불후의 기록

2024년 개정판 징비록은 현대 독자들의 편의를 위해 240여 개의 각주를 덧붙이고 임진왜란과 관련된 이미지들을 포함시켜 당시 상황을 파악할 수 있는 시각적인 자료를 포함한 것이 큰 특징이다 아울러 한자 원문을 삽입하고 모든 한자에 독음을 달아 번역의 충실도를 높였다 현재까지 전해지는 징비록은 초간본과 간행본으로 16권본 2권본이 남아 있다 그중에서 이 책은 가장 원천이 되는 초간본 징비록을 번역의 원전으로 삼았다 다만 이 책의 서문은 초본에 해당 부분이 없어진 탓으로 간행본의 서문을 택했다 또한 역자의 해제를 앞에 덧붙여 징비록을 처음 접하는 독자들에게 책의 배경과 의의 등을 설명했다 

임진왜란을 다룬 책으로 이순신의 난중일기와 쌍벽을 이루는 징비록은 국보 제132호에 지정되어 있는 기록물로서 임진왜란과 정유재란을 객관적이고 사실적으로 들여다볼 수 있는 몇 안 되는 책 가운데 하나이다 특히 징비록은 당시 왜란을 겪으면서 치열한 역사의 현장을 진두지휘했던 재상의 기록이란 점에서 당시 시대 상황을 보다 폭넓게 보여 준다 또한 당시 명과 일본과의 외교 문제 전투와 보급 등 쟁점이 되었던 사안들에 대한 조정의 논의를 볼 수 있어 전체 전란을 위에서 내려다보는 듯한 입체적이고 생생한 경험을 하게 해 준다 이순신을 비롯해 오성과 한음으로 유명한 이항복과 이덕형 정철 신립 이일 원균 등 당시를 풍미했던 무신과 문신들에 관한 기록과 인물평 역시 역사적 가치가 높다

임진왜란 7년의 역사를 가감 없이 기록한
명재상 유성룡의 혜안과 처절한 자기반성

유성룡은 자서自序에서 임진란의 쓰라린 경험을 거울삼아 다시는 그러한 수난을 겪지 않도록 후세를 경계하도록 한다는 바람에서 이 책을 집필하였다고 썼다 이 같은 그의 의도는 시경에서 나오는 내 지나간 일을 징계懲하고 뒷근심이 있을까 삼가毖노라라는 문구에서 따온 이 책의 이름 징비록懲毖錄에서도 잘 드러난다 이를 위해 유성룡은 자신이 속한 당파에서 벗어나 최대한 중립적인 입장에서 가감 없이 기록하는 한편 후대를 위해 전란을 겪으면서 얻은 경험과 지혜 방책 등을 세세히 기록하고 있다 심지어는 자신에게 과오가 있었다 하더라도 그것까지도 숨기지 않고 담담한 심경으로 썼다 이러한 객관적이면서도 명철한 서술과 치열한 자기반성은 오늘날 위정자들이 어떠한 자세로 임해야 하는가에 대한 반면교사로 삼을 만하다 전란을 맞아 보이는 다양한 인물 군상들의 모습 역시 오늘날 시사하는 바가 크다

징비록을 보면 유성룡의 뛰어난 혜안을 곳곳에서 볼 수 있다 이순신을 천거하여 왜군에 대비토록 한 사실은 이미 널리 알려져 있다 이 외에도 그는 무너졌던 진관법을 재정비할 것을 선조에게 건의하기도 했다 당시에는 오랫동안 평화가 지속되면서 조선의 기본적인 방어 체제였던 진관법이 유명무실해지고 제승방략으로 바뀌어 있었다 제승방략은 각 지방의 군사들을 한곳에 모아 중앙에서 장군을 파견해 함께 힘을 합쳐 싸우는 방법이었으나 전투에서 패할 경우 한 번에 뚫릴 위험이 있었다 신립이 충주의 탄금대 전투에서 대패하고 서울까지 단번에 길을 내준 것이 이를 방증한다 유성룡은 이러한 위험성을 이미 알고 있었던 것이다 또한 그는 성의 수축에도 관심이 많았다 이것은 징비록에 실린 녹후잡기에 실린 성가퀴와 옹성에 관한 그의 글을 통해서도 잘 알 수 있다 이외에도 징비록 곳곳에서 보급과 전시 행정에 불철주야 노력하는 유성룡의 모습을 볼 수 있다 이순신이 조선 역사상 가장 큰 시련의 시기를 거치며 망국의 갈림길에 들어서 있던 조선을 칼로써 지켜냈다면 유성룡은 붓으로써 조선을 지켜낸 것이다 징비록은 그러한 문신 유성룡의 지혜와 경험이 녹아들어 있는 진수가 담긴 책이다"
채식주의자 (한강 소설ㅣ2024년 노벨문학상 수상작가),한강,창비,"인터내셔널 부커상 산클레멘테 문학상 수상작
전세계가 주목한 한강의 역작을 다시 만나다

2016년 인터내셔널 부커상을 수상하며 한국문학의 입지를 한단계 확장시킨 한강의 장편소설 채식주의자를 15년 만에 새로운 장정으로 선보인다 상처받은 영혼의 고통과 식물적 상상력의 강렬한 결합을 정교한 구성과 흡인력 있는 문체로 보여주는 이 작품은 섬뜩한 아름다움의 미학을 한강만의 방식으로 완성한 역작이다 탄탄하고 정교하며 충격적인 작품으로 독자들의 마음에 그리고 아마도 그들의 꿈에 오래도록 머물 것이다라는 평을 받으며 인터내셔널 부커상을 수상했던 채식주의자는 미국 문학계에 파문을 일으키면서도 독자들과 공명할 것으로 보인다뉴욕타임스 놀라울 정도로 아름다운 산문과 믿을 수 없을 만큼 폭력적인 내용의 조합이 충격적이다가디언라는 해외서평을 받았고 2018년에는 스페인에서 산클레멘테 문학상을 받는 등 전세계에서 뜨거운 반응을 일으켰다 국내에서는 현재까지 100만부 가까이 판매되었다

채식주의자는 어느 날부터 육식을 거부하며 가족들과 갈등을 빚기 시작하는 영혜가 중심인물로 등장하는 장편소설이다 하지만 소설은 영혜를 둘러싼 세 인물인 남편 형부 언니의 시선에서 서술되며 영혜는 단 한번도 주도적인 화자의 위치를 얻지 못한다 가족의 이름으로 자행되는 가부장의 폭력 그리고 그 폭력에 저항하며 금식을 통해 동물성을 벗어던지고 나무가 되고자 한 영혜가 보여주는 식물적 상상력의 경지는 모든 세대 독자를 아우르며 더 크나큰 공명을 이루어낼 것이다"
"초월하는 뇌 (인간의 뇌는 어떻게 영성, 기쁨, 경이로움을 발명하는가)",앨런 라이트맨,다산초당,"어두운 밤하늘을 가득 메운 별을 바라볼 때 느껴지는 경이감 사랑하는 이의 기쁜 얼굴을 볼 때 느껴지는 짜릿한 행복감 감미로운 음악이나 아름다운 미술 작품을 마주할 때 느끼는 황홀감 붉게 물든 하늘과 나선형의 조개껍데기에 깃든 신비로움을 경험할 때 느끼는 매혹까지 우리는 이따금 나라는 존재를 초월하여 타인과 우리를 둘러싼 자연 나아가 이 우주와 연결되어 있다는 말로 설명하기 힘든 느낌을 받는다 과학은 이러한 경험을 모두 원자와 분자의 화학작용으로 설명할 수 있다고 주장하지만 많은 사람이 주장의 타당성에 고개를 끄덕이면서도 이 사실을 마음속 깊이 받아들이지는 못한다 어떻게 한낱 원자와 분자로 이루어진 뇌에서 나라는 감각이 이토록 생생한 생각과 감정이
말로 표현하기조차 어려운 독특한 감각이 생겨날 수 있을까 우리는 어떻게 과학적 세계관을 살아가는 동안 마주하는 이토록 경이로운 경험들과 공존시킬 수 있을까 
물리학자이자 인문학자 소설가인 앨런 라이트먼은 신작 초월하는 뇌에서 물질적인 뇌가 어떻게 인간의 고유한 경험과 의식을 만들어내는지 심도 있게 탐구한다 이 책은 물질적인 뇌가 어떻게 자아 영혼 같은 비물질적이고 초월적인 경험을 만들어내는가라는 까다로운 질문에 대한 라이트먼의 응답이다 이 책에서 그는 과학 철학 심리 분야를 넘나들며 아리스토텔레스부터 데카르트 아인슈타인에 이르기까지 인간의 의식과 경험에 관한 인류 최고 지성의 사유를 들려준다 또한 과학의 최전선에서 최신 이론을 만들어내는 동시대 과학자들과의 대화를 바탕으로 입자와 힘의 세계와 인간의 경이로운 경험 사이에 이 둘이 양립할 수 있는 새로운 자리를 만들어낸다 
인간의 고유한 의식과 감각 경험을 바라보는 새로운 관점을 제안하는 이 책을 통해 독자는 자신을 둘러싼 삶의 경이를 다시금 발견하고 더욱 충만한 삶을 살아갈 수 있을 것이다"
침묵의 퍼레이드,히가시노 게이고,재인,"미스터리의 제왕 히가시노 게이고의 페르소나 유가와 마나부가 돌아왔다 전작 금단의 마술에서 사건을 해결한 후 홀연히 미국으로 떠났던 그가 이번 신작 침묵의 퍼레이드에서 다시 탐정 갈릴레오로 돌아와 의문의 사건을 해결하러 나선다



침묵의 퍼레이드는 30년 가까이 이어지고 있는 히가시노 게이고의 인기 연작 추리소설 탐정 갈릴레오 시리즈의 아홉 번째 작품으로 발표와 동시에 독자들로부터 탐정 갈릴레오의 재시동이라는 기대와 전대미문의 걸작이라는 찬사를 한 몸에 받은 화제작이다



lt주간문춘gt의 미스터리 베스트 10 국내 부문 1위에 오른 것을 시작으로 2022년에는 영화로 제작되어 흥행 수입 30억 엔키네마 순보 발표을 기록했으며 영화에서 주인공 유가와 역을 맡았던 후쿠야마 마사하루는 2023년 제47회 호치영화상에서 처음으로 남우주연상을 수상하는 등 다양한 기록을 남겼다 일본에서 탐정 갈릴레오 시리즈는 대부분 TV 드라마로 제작 방영되었는데 그중 극장판으로 만들어진 것은 용의자 X의 헌신2008년 한여름의 방정식2013년에 이어 이번이 세 번째다"
침묵하라 그리고 말하라,법정,열림원,"침묵은 인간이 자기 자신이 되는 길이다
말은 비우고 마음을 담아라
빛의 예술로 새기는 법정 스님 무소유 진리의 정수
세계적인 거장 빛의 화가 김인중 신부의 미발표 작품 수록

부처님 오신 날을 맞아 우리 시대 마지막 큰 어른으로 불렸던 법정 스님의 글을 엮은침묵하라 그리고 말하라가 출간됐다 이 책은 세월을 뛰어넘어 여전히 깊은 울림을 전하는 법정 스님의 글 중 일부를 엄선해 담아낸 것으로 말의 과잉과 소음 속에서 살아가는 현대인들에게 묵직한 메시지를 건넨다
침묵하라 그리고 말하라에서 말하는 침묵은 단순히 말수를 줄이는 차원을 넘어선다 법정 스님은 침묵은 인간이 자기 자신이 되는 길이라고 말하며 침묵을 통해 말의 무게를 되새기고 타인과의 관계 속에서 진실에 다가갈 수 있다고 강조한다 법정 스님은 이러한 침묵의 태도와 맞닿아 있는 삶의 자세로 단순함을 강조하며 비움과 절제를 통해 진정한 풍요를 일구는 길이라 말한다 그리고 자연은 말없이 존재함으로써 인간에게 삶의 본질을 일깨워주는 고요한 스승이라 여긴다
이번 책에는 빛의 화가로 불리는 세계적인 예술가 김인중 신부의 미공개 작품 30여 점이 실려 있다 그는 법정 스님의 정신에 깊이 공감하며 그 뜻을 담아 정성껏 작품을 선별하고 작업에 참여했다 작품마다 물질문명 속에 감춰진 고요와 생명의 흐름 내면의 빛이 담겨 있어 법정 스님의 글과 깊은 공명을 이룬다 예술과 명상이 만나는 이 책은 우리에게 단순한 독서를 넘어 영혼을 어루만지는 치유의 시간을 전해줄 것이다
침묵하라 그리고 말하라는 단순한 명상서에 그치지 않는다 진정성과 소박함을 추구하는 이들에게 깊은 통찰을 건네며 말없이 정진하는 태도를 통해 정신적인 가치와 참된 행복을 되찾도록 이끈다 영성을 회복하고 진실한 삶을 향해 나아가는 여정 속에서 법정 스님의 메시지와 김인중 신부의 작품은 우리의 깊은 내면을 은은히 비춰줄 것이다"
칩 퓨처 (반도체의 미래가 모든 것의 미래다!),임준서,21세기북스,"대한민국은 반도체 패권을 되찾을 수 있을까
삼성전자와 SK하이닉스의 운명은 어떻게 될 것인가

냉전 시대에는 핵무기가 가장 중요한 전략 자산이었다면 시스템 산업이 지배하는 이 시대의 최고 전략 자산은 반도체다 이 시대 인류에게 전부가 되어버린 반도체를 어떻게 보아야 할 것인가 30년간 글로벌 반도체 연구와 사업 현장을 누빈 임준서 연세대학교 시스템반도체공학과 교수는 종합적으로 조망하는 망원경과 세밀한 부분을 들여다보는 현미경이 모두 필요하다고 역설한다 그리고 그는 칩 퓨처CHIP FUTURE 반도체의 미래가 모든 것의 미래다에서 단순한 기술 경쟁 서사를 넘어 다양한 문화적철학적 관점에서 반도체 산업의 미래를 조망한다 저자는 지중해 해변에서 서퍼들을 관찰하면서 파도를 읽는 경험으로 혁신의 비밀을 풀어낸다 파도를 읽는 경험과 타이밍 기다림이라는 메타포어Metaphor를 세계적인 반도체 기업의 사례에 빗대어 설명함으로써 독자들의 몰입을 끌어내고 있다 또한 반도체의 파도를 읽는 데 있어 가장 핵심이라고 할 수 있는 3가지 렌즈를 제시한다 혁신과 생태계 지정학이 그것이다

반도체 패권을 읽는 3가지 렌즈
혁신 생태계 지정학

첫째 혁신의 렌즈 반도체 산업은 현재 다양한 병목 문제에 처해있다 특히 상상력의 병목을 지적한다 2030년이 되면 웨이퍼 10억 장을 생산할 수 있는 시대가 도래한다 기업들은 상상력을 발휘해 내부 목표가 아닌 시장과 동기화된 목표를 가지고 혁신의 로드맵을 마련해야 한다 무어의 법칙이라는 기술 혁신의 로드맵의 확장성을 가능케 한두 가지 힘 구현력과 함께 제안력을 확보하지 못하면 모든 투자는 낭비에 그칠 수 있다고 지적한다

둘째 생태계 렌즈 이 책에서 저자는 한국 반도체 산업의 위기를 낙타의 등을 부러뜨린 마지막 지푸라기로 비유한다 마이크로소프트가 왜 닫혀있던 윈도우를 열었는지 폐쇄적인 전략을 고집했던 인텔이 몰락하고 대만의 개방형 팹리스 생태계가 전 세계를 쥐고 흔드는지 등의 사례를 통해 한국의 반도체 산업이 창의성을 발현할 열린 생태계의 방향을 제시한다

셋째 지정학 렌즈 현대 지정학의 판도를 바꾸어놓은 반도체 트럼프의 대중 제재는 역설적으로 중국의 결속을 강화했고 화웨이에 대한 미국의 암살 시도는 역효과를 내고 있다 또한 반도체 기술을 방패로 삼아 중국의 침공을 견제하는 대만 등 현재 반도체 패권 전쟁의 맥락을 짚어보며 미래의 전략적 국경을 어떻게 확대할지 제안한다 한국의 블루존 찾기는 제2 라그랑주 포인트라는 전략적 균형점을 어떻게 확보하는지에 달려있다고 역설한다

지금까지 대한민국 경제는 반도체에 크게 의존해왔다 그러나 반도체 혁신과 생태계 지정학의 판도가 바뀌며 미래 전망이 안갯속처럼 불투명하다 우리가 반도체 산업의 주도권을 되찾아올 전략은 무엇인가 삼성전자와 SK하이닉스의 운명은 어떻게 될 것인가 이들에게 필요한 혁신과 전략은 무엇인가 칩 퓨처CHIP FUTURE 반도체의 미래가 모든 것의 미래다는 그 해답을 상세히 그리고 설득력 있게 제시한다

특히 8가지의 핵심 조언은 반도체 패권 시대를 헤쳐나가는 데 매우 긴요하다 
① 반도체 전략 탱크로 미래를 예측하고 설계하라 
② 시스템 아키텍처로 기술 혁신의 설계자가 돼라 
③ 패키징 양자 컴퓨팅 우주 에너지의 전략적 국경을 확장하라 
④ 품질과 완성도에서 절대 경쟁력의 기반을 다져라 
⑤ 개방 생태계로 혁신의 속도를 가속화하라 
⑥ 블루존에서 기술 외교의 새 지평을 열어라 
⑦ 대만 위기를 전략적 기회로 전환하라 
⑧ 인지적 다양성으로 지속 가능한 혁신을 이끌어라"
콘클라베(영화 특별판) (로버트 해리스 장편소설),로버트 해리스,알에이치코리아,"종교에 대해 우리가 가지고 있는 고정관념을 깨며 파격적인 생각의 전환과 신선한 충격을 안겨주는 소설 콘클라베는 2016년 초판 출간 당시부터 독자들의 입소문을 타고 영국 아마존 베스트셀러와 선데이 타임스 베스트셀러 목록에 올랐으며 데일리 메일 타임스 옵서버 등 주요 언론 매체에 올해의 책으로 선정되었다 날카로운 시선을 유지하며 역사적 사건을 스릴러에 담아내는 데 능통한 로버트 해리스의 이 소설은 일찌감치 관계자들의 높은 관심을 받으며 영화화가 결정되었으며 레이프 파인즈 스탠리 투시 존 리스고 이저벨라 로셀리니의 명연기가 더해져 마침내 오는 3월 한국 팬들과도 만나게 된다 영화는 2025년 기대작으로 골든글로브를 비롯해 아카데미 영국 아카데미 크리틱스초이스 등 굵직한 영화상에서 최다 부분에 노미네이트되었다 
 제2차 바티칸 공의회로부터 60여 년이 지난 2022년 10월 19일 가톨릭교회의 최고 지도자 교황이 선종했다 즉시 전 세계 곳곳에 있던 118명의 추기경들은 시스티나 예배당에 모여 차기 교황을 선출하기 위한 비밀회의콘클라베에 들어간다 선거 관리 임무를 맡은 로멜리의 시점을 따라 주요 후보를 두고 시시각각 변화하는 권력의 미세한 이동 경로가 섬세한 필치로 그려가는데 물론 선거는 단번에 승부가 나지 않는다 
처음 투표할 때만 해도 혼란스러워하던 유력 후보들은 첨예한 표 차이 속에 조금씩 속내를 드러내며 세력을 모은다 가장 숭고한 자리에 오르기 위한 이들의 야심을 예상이라도 한 듯 선종 직전 교황은 생각보다 많은 일을 남겼다 마지막으로 교황을 만났던 사람 가장 드러내고 싶지 않았던 추문이 하나둘 밝혀지면서 마침내 교황이 생전 써왔던 방의 봉인마저 풀린다 여기에 교황이 은밀하게 임명한 의중 추기경 베니테스가 콘클라베 직전 등장하며 상황은 점점 더 미궁에 빠지는데 정치 미스터리 골든글로브 영화원작 아카데미"
크립토 디톡스,크립토 노마드,네버기브업,"크립토 디톡스는 암호화폐 시장의 극단적 변동성과 심리적 중독성에 경고를 던지며 건강한 투자자로 나아가기 위한 실천적 해법을 제시하는 책이다
하루에도 몇 번씩 요동치는 코인 시세 SNS에서 끊임없이 쏟아지는 수익 인증 그리고 그 뒤에 감춰진 계좌의 몰락 크립토 디톡스는 이러한 암호화폐 시장의 실상을 직시하며 단기 수익에 매몰된 투자자들이 놓치기 쉬운 심리적 함정과 정보의 비대칭 시장 구조의 왜곡 등을 깊이 있게 분석한다
책은 왜 우리는 코인에 중독되는가라는 질문에서 출발해 투기 심리의 작동 방식 시장 조작의 메커니즘 지속 가능한 투자 원칙 실전 매매에서 적용 가능한 디톡스 전략 올바른 알트코인 분석법 장기 투자자로서의 성장 방안까지 7부 구성으로 단계별 가이드를 제공한다
무작정 코인을 피하자는 이야기가 아니라 암호화폐 시장이라는 새로운 기회 속에서 균형 잡힌 시각을 갖고 투자하려는 독자들에게 명확한 기준과 통찰을 제공하는 이 책은 투자와 투기의 경계에서 고민하는 모든 이들에게 유의미한 나침반이 되어줄 것이다"
태어나기는했지만,김영신,956,"태어나기는했지만 싱겁게 지은 제목 뒤로 잇고 싶은 말이 무엇인지 
출간을 며칠 앞둔 오늘까지도 못 찾았다 

서른하고도 일곱 해 살면서 언제나 어디서나 내 마음은 난처하고 이상했다
오늘 아침 녀석이 주인인 내게 물었다
내가 할 일은 없니

몇 시간을 마음한테 내키는 대로 써보라고 시켜놓고 방금 들여다보니

태어나기는 했지만 나는 다시 태어난다

이것으로 언제나 어디서나 난처하고 이상했던 나의 마음과 작별한다"
"토마토가 돼라! 1~2 특별판 세트 - 전2권 (단행본 1~2권, 패키지박스, 미니 핀버튼 3종, 필름 북마크 2종, 북마크 홀더 1종, 포토카드 3종, 미니 L홀더 1종, 엽서 2종)",뮤리,다산코믹스,"고구마 NO 토마토 YES
붉게 물드는 마음을 솔직하게 보여주는
설렘 당도 100 청춘들의 로맨스 웹툰

껄렁한 겉모습으로 인해 음험한 소문을 몰고 다니는 시골 토박이 전학생 신이석은 첫눈에 반한 전교 1등 수재 조해주의 앙큼한 비밀을 목격하게 되고 그에 대한 의문은 점차 눈덩이처럼 불어나기만 한다
겉만 번지르르 붉고 속은 흰 사과 같은 조해주에게 진성 토마토 신이석의 짝사랑 폭격이 시작된다

특별판 구성 
단행본 12권 패키지박스 미니 핀버튼 3종 
필름 북마크 2종 북마크 홀더 1종 포토카드 3종 
미니 L홀더 1종 엽서 2종"
특이점이 온다 (기술이 인간을 초월하는 순간),레이 커즈와일,김영사,"특이점 이제는 더 가까이
원서 출간 20주년 기념판 정재승 KAIST 교수 특별 해제 수록

출간 즉시 세계적인 반향을 불러일으킨 미래학의 고전 레이 커즈와일의 특이점이 온다가 원서 출간 20주년을 맞아 새로운 표지와 특별 해제를 더해 돌아왔다 이번 기념판에는 과학기술과 인간의 미래를 고민해온 정재승 KAIST 교수의 해제를 수록해 지난 20년간의 변화와 앞으로의 전망을 깊이 있게 살핀다
인류가 생물학을 초월할 때라는 원서의 부제가 시사하듯 이 책은 인간이 더 이상 생물학적 존재로만 머무르지 않는 순간을 탐색한다 인공지능이 인간의 지능을 뛰어넘고 생명공학과 나노기술이 우리의 몸을 재설계하며 현실과 가상현실의 경계가 희미해지는 그 지점 커즈와일은 이를 특이점이라 부르며 그 시점으로 2045년을 예측했다 기술 발전이 기하급수적으로 가속화되는 지금 특이점은 더 이상 먼 미래의 이야기가 아니다 혈관 속을 흐르는 의료용 나노봇 디지털로 저장된 의식 광속을 넘어 우주로 확산되는 지능 기술의 가속화는 인간의 존재 방식을 근본적으로 바꿔놓을 것이다 그러나 특이점 이후의 세상은 단순한 유토피아도 디스토피아도 아니다 그것은 우리가 알던 개념들이 재정의되는 새로운 시대다 인간의 수명 노동 의식 심지어 삶의 의미까지도 달라질 것이다 특이점이 온다는 이러한 변화 속에서 우리는 무엇을 선택해야 하는가를 묻는다 정재승 교수가 해제에 쓴 것처럼 순식간에 인공지능이 일상으로 들어온 지금 현대인이 마주해야 할 도전과 기회를 선명하게 제시한 특이점이 온다는 21세기 내내 우리 모두가 늘 곁에 두고 종종 펼쳐봐야 할 책이다"
페이머스 (왜 그들만 유명할까),캐스 선스타인,한국경제신문,"명성은 어떻게 탄생하는가 왜 유독 그들만 유명해졌을까
성공과 인기 명성에 관한 놀랍고도 재미있는 탐구

수많은 유명인들의 성공과 인기 명성은 어떻게 만들어졌을까 그저 우연히 마주친 행운의 벼락과 같은 것일까 아인슈타인 셰익스피어 레오나르도 다빈치 제인 오스틴 비틀스 밥 딜런 스텐 리 오프라 윈프리 등 우리가 익히 알고 있는 많은 유명인들의 성공은 과연 필연일까 우연일까 인기 스타 아이콘 유명인이 없는 세상은 상상하기 어렵다 그들은 마치 우리 문화와 역사의 일부이며 영구적으로 정해져 있었던 것처럼 보이지만 실상은 그렇지 않다 개인의 능력보다 수많은 다양한 요인들이 성공과 실패 그리고 명성에 중대한 영향을 미친다 그렇다면 비슷한 재능과 노력을 기울였음에도 유독 특별히 기억된 이들은 과연 무엇이 다를까 
이 책은 비즈니스와 정치 음악 문학 과학 예술 등 각 분야의 시대의 아이콘들을 살펴보면서 왜 어떤 사람은 유명해지고 어떤 사람은 유명해지지 않는지 그 이유를 탐구하기 위해 명성의 본질과 메커니즘 그리고 이와 관련된 최신 연구를 파헤친다 이를 토대로 실제 성공이 재능이나 실력 같은 내적 가치보다 외적 상황과 운 우연한 사건 시대정신 등에 더 많이 의존되는 놀랍고도 강력한 페이머스 법칙들을 알려주고자 한다"
"하늘을 봐, 바람이 불고 있어 (하루는 햇빛 사이로 하루는 구름 사이로)",고윤(페이서스 코리아),스노우폭스북스,"따뜻한 봄볕 같은 52가지 이야기
 생각에 관한 생각으로 돌아온
 10만 독자가 선택한 고윤의 첫 에세이

10만 독자에게 사랑받은 고윤이 에세이를 펴냈다 10대 시절부터 낙서하듯 끄적여 놨던 오랜 메모들을 열어 그 시절 어린 사람에서 여린 어른의 공감 가득한 52가지 이야기다 
이번 책에서 저자 고윤은 주저앉은 누군가의 하루를 깊이 위로했고 솔직해지는 게 무섭고 겁나는 모두의 마음에 집중했다 

 이 책은 혼자가 아니라는 사실을 함께 살아가고 있는 우리라는 메시지 중심으로 집필했으며 독자의 웃음을 위해 과감히 자신을 셀프디스하는 추임새도 잊지 않았다 
때론 공개적으로 딴지 거는 아들이 되었고 표면적으로 아직 하나가 되지 못한 남편의 모습으로 성공한 선배의 인성에 의문을 제기하는 앳된 후배의 역할을 자처하고 나선다 버스에서 울어버린 회사원이자 떡볶이로 돈의 중요성을 배운 솔직하고 소박한 이야기들이다 

하지만 이 각각의 이야기에는 나답게 살아가는 방법과 인간관계의 피로 정말 못난 나를 매일 만나는 현실적인 괴로움 등을 섬세하게 풀어내며 평범한 인간적인 실용주의적인 에세이가 될 수 있었다 저마다의 견디는 하루가 있다는 것 눌러 담은 마음이 있겠지만 그럼에도 불구하고 하늘은 언제나 그 자리에서 나를 지켜봐 주고 있다는 지점으로 마음을 위로하는 책이다"
"한강 스페셜 에디션 (작별하지 않는다, 흰, 검은 사슴 & 필사노트)",한강,문학동네,"한국 최초 노벨문학상 수상
한강 작가의 빛나는 성취를 특별한 장정으로 만난다

최신작 장편소설 작별하지 않는다
자전적 소설 흰
첫 장편소설 검은 사슴

2024년 10월 역사적 트라우마를 정면으로 마주하고 인간 삶의 연약함을 드러내는 강렬하고 시적인 산문이라는 선정 이유와 함께 한국 최초 노벨문학상 수상 작가로 호명된 한강 아시아 여성으로서는 최초 수상이며 역대 열여덟번째 여성 작가의 노벨문학상 수상이라는 점 또한 새로운 의미가 되었다 한강 작가의 빛나는 성취를 기쁘게 축하하며 그의 30년 작품세계의 주요 마디가 되는 세 권의 소설을 특별한 장정으로 펴낸다 
흰 무명천에 수놓인 작품 제목을 형상화한 한강 스페셜 에디션의 디자인은 연결되고 얽히고 끊어지고 풀리는 실의 속성이 작가가 써내려가는 문장과 그 문장들의 모음으로 이루어지는 하나의 세계와 닮은 데서 착안했다 실을 잣는 것과 문장을 짓는 것은 얼핏 선형적 작업으로 보이나 그것이 삶과 죽음 인간의 실존에 대한 내밀한 탐구에서부터 이 세계에 벌어지는 무수한 일들의 의미를 묻는 작업까지 아우를 수 있음을 담고 싶었다 필연적으로 시간성을 띤 우리 삶 역시 그러하다고 덧붙이고도 싶었다 
소설 3종에 한정판 필사 노트를 더하였다 작별하지 않는다 흰 검은 사슴의 문장을 따라 쓰며 작품을 찬찬히 음미하는 시간을 한강 작가의 노벨문학상 수상 소식으로 더없이 특별했던 한 해를 마무리하는 시간을 독자들과 나누고 싶다 
한강 스페셜 에디션의 첫번째 자리에 작별하지 않는다를 놓는다 완성하기까지 7년이 걸린 최신작 장편소설로 2023년 프랑스 4대 문학상 중 하나인 메디치 외국문학상을 한국 최초로 수상 연이어 에밀 기메 아시아문학상을 수상하며 한국을 넘어 기억과 애도에 관한 무엇보다 지극한 사랑에 대한 보편적 감동을 선사한 작품이다 작가는 메디치상 수상을 기념한 간담회에서 이 책은 인간성의 아래로 내려가서 그 아래에서 촛불을 밝히는 이야기라며 그렇게 애도를 끝내지 않는 결코 작별하지 않겠다는 각오를 가진 사람들의 이야기이고 그런 마음들의 이야기라고 설명했다 또한 최근 노벨위원회와의 인터뷰에서 저는 모든 작가가 가장 최근에 쓴 책을 마음에 들어한다고 생각해요 제가 가장 최근에 쓴 책은 작별하지 않는다입니다 이 책으로 시작하시면 좋을 것 같아요라고 밝히며 이 작품에 대한 각별한 애정을 전한 바 있다 

이것이 지극한 사랑에 대한 소설이기를 빈다
_작가의 말에서

소설 흰은 흰 것에 대해 쓰겠다고 결심한 봄에 내가 처음 한 일은 목록을 만든 것이었다라는 문장으로 시작한다 강보 배내옷 소금 눈 얼음 달 입김 서리 흰 뼈로 이어지는 목록들 어머니가 스물세 살에 낳았다는 태어난 지 두 시간 만에 죽었다는 아기 그 아기가 죽은 자리에서 자라고 있는 나는 달떡처럼 희고 어여뻤다는 언니의 죽음 유태인 게토에서 벌어진 여섯 살 아이의 죽음과 공명한다 흰 것들의 이미지는 숭고와 두려움을 동시에 뿜으며 산 자와 죽은 자의 경계에서 고요히 빛을 발한다 애도와 부활 인간 영혼의 강인함에 대한 책이라는 평과 함께 인터내셔널 부커상 최종 후보에 올랐으며 한강 작가는 노벨위원회와의 인터뷰에서 흰은 자전적인 요소가 많이 들어간 매우 개인적인 책으로 추천합니다라고 밝혔다 

어쩌면 아직도 나는 이 책과 연결되어 있다 흔들리거나 금이 가거나 부서지려는 순간에 당신을 내가 당신에게 주고 싶었던 흰 것들을 생각한다 나는 신을 믿어본 적이 없으므로 다만 이런 순간들이 간절한 기도가 된다 
_작가의 말에서

검은 사슴1995은 한강 작가가 1993년 등단 후 꼬박 3년간 집필에 몰두해 완성한 첫 장편소설로 치밀하고 빈틈없는 서사와 깊은 울림을 주는 시적인 문장들로 출간 당시 한 젊은 마이스터의 탄생을 예감케 한다문학평론가 서영채는 찬사를 받았다 어느 날 한낮의 도심에서 발가벗은 채 도로를 달려나가던 한 여자가 사라지고 그녀를 알고 있는 두 남녀가 몇 가지 단서만 손에 쥔 채 그녀를 찾아나선다 검은 사슴은 그 여정에서 각자가 대면하게 된 저마다의 깊은 심연을 음울히 비춘다 다시 세상 밖으로 돌아나오지 못하더라도 심연 속으로 발을 내딛는 인물들의 여정에서 우리는 역설적으로 어둠이 아닌 빛을 따라가는 경험을 하게 될 것이다 

말과 침묵 어둠과 빛 꿈과 생시 죽음과 삶 기억과 현실 사이에 공간이 있다 그 공간은 사이에만 있을 뿐 아니라 그것들을 안팎으로 둘러싸며 가득차 있다 내 말들이 그 공간을 진실하게 통과해 나올 수 있기를 간절히 빌었다 캄캄한 흙속을 비집고 내려간 흰 뿌리처럼 어둠과 빛의 한 몸뚱이를 잎사귀까지 길어올릴 수 있기를 빌었다 
_1995년 초판 작가의 말에서

한강 스페셜 에디션 디자이너 코멘트

한강 작가님의 책을 하나의 시리즈로 엮어낸다고 상상했을 때 실로 이어지는 모습이 떠올랐습니다 실은 보이지 않는 곳에서 소리 없이 이어주고 연결하는 매개가 됩니다 영롱하게 빛나던 자수 실이 한 땀 한 땀 엮여 글자가 되어가는 과정을 통해 작가님의 작품이 또다른 아름다움으로 다가갈 수 있길 바랍니다 _디자이너 김이정"
"해외선물 처음공부 (단돈 100만 원으로 달러, 금, 오일, 나스닥선물을 시작할 수 있는)",김직선,이레미디어,"노후 대비는 물론 당장의 생존을 위해서라도
필수적으로 익혀야 하는 투자 수단

해외선물투자로 100억 원 수익을 본 저자의
선물시장에 관한 레버리지 행동 훈련
진입과 청산 모두를 다룬 책

해외선물 처음공부는 거의 유일하게 선물시장에 관한 레버리지 행동 훈련 진입과 청산을 모두 다룬 책이다 해외선물 트레이딩으로 100억 원의 수익을 본 저자의 비기가 담긴 책이기도 하다
선물투자는 주식투자와 달리 시세조작이나 작전이 불가능하며 양방향 투자가 가능하다 또한 철저히 기술적 분석에 의해 돌아가는 시장이며 레버리지 사용에도 용이하다 무엇보다 선물시장은 매일 23시간아시아장 유럽장 미국장 동안 돌아가기 때문에 주식시장에 비해 부를 축적하는 속도가 훨씬 빠르다
처음 선물 트레이딩을 할 당시 100만 원밖에 없었던 저자는 외국계 증권사CFD를 이용하면 단돈 400원으로도 나스닥 선물거래를 할 수 있다는 사실을 알게 되었고 앞서 언급한 장점들을 활용하며 본인만의 규칙과 매매 기준을 세워나갔다 선물투자와 주식투자의 공통점은 리스크 관리가 수익을 얻는 데 있어 핵심이라는 것이다 잘 잃어야 수익으로 끝을 맺는다 저자는 리스크 관리를 수차례 강조함과 동시에 본인만의 승률을 높여 주는 방법들더더블비캔캔들이이동평균선지지지와 저항추추세선격이격도깨그날의 시가고가저가를 깼는지 여부을 차트를 벗 삼아 친절하게 설명하고 있다 중간에 저자의 수익 인증도 담겨 있다"
회계가 머니? (재무제표 속 돈의 흐름이 보이는),김수헌^이재홍^박정서,어바웃어북,"하마터면 또 회계를 모르고 일할 뻔했다로 증명된
회계 분야 최고의 저자들이
실제 재무제표를 펼쳐놓고 돈의 언어를 해석한다

회계를 공부했는데도 재무제표만 보면 왜 여전히 물음표만 가득할까 이 책은 바로 그 질문에서 출발한다 회계 공부 n년 차임에도 여전히 실력이 제자리걸음인 이들을 위해 수많은 독자가 인생 회계책으로 꼽은 하마터면 또 회계를 모르고 일할 뻔했다의 저자들이 다시 펜을 들었다 이번에는 원론이 아닌 현장에서 바로 통하는 실전 회계 이야기다
재무제표 해석에 번번이 실패하는 이유는 숫자 이면에 숨은 회계적 맥락을 놓치기 때문이다 재무제표는 단순히 숫자를 나열한 표가 아니다 그 안에는 기업의 전략 경영자의 판단 시장의 변화가 고스란히 담겨 있다 더욱이 수익을 인식하는 방식부터 비용 구조까지 업종마다 회계 처리가 다르다 재무제표는 부채가 많으면 부실하다는 식의 단순한 공식으로는 설명할 수 없다 SK하이닉스의 부채가 3조 원 가까이 늘었을 때 투자자들이 오히려 환호했던 이유는 무엇일까 삼성전자 재무제표에 담긴 10조 원 넘는 차입금의 의미는 무엇일까 재무제표를 분석할 때는 숫자 그 자체가 아니라 숫자가 만들어진 배경과 맥락을 읽어내는 것이 중요하다 회계적 맥락을 모르면 숫자는 쉽게 오독된다
회계를 맥락으로 이해하는 데 있어 실제 사례만큼 훌륭한 교재는 없다 SK하이닉스에서 오늘의집까지 저자들이 비즈니스 현장에서 발굴한 100여 개의 사례는 회계와 경영이 얽힌 생생한 현실을 보여준다
2027년부터 새 회계 기준KIFRS 18이 전면 시행된다 KIFRS 18에 따라 결산하면 카카오 실적2023년은 영업이익 4608억 원에서 영업적자 1조 4214억 원으로 바뀐다 이 책은 영업손익 산출에 대변혁을 가져올 KIFRS 18을 회계책 최초로 전격 분석한다
사례를 통해 회계를 공부하면 숫자는 암호가 아닌 이야기가 된다 회계는 단순한 기록의 도구가 아니라 기업과 시장 자본과 사람 사이의 상호작용을 보여준다 재무제표를 잘 읽는다는 건 숫자를 만들어낸 맥락을 이해하는 것이다 회계를 이야기처럼 읽을 수 있을 때 우리는 비로소 돈의 흐름을 꿰뚫어 보는 눈을 갖게 된다"
희랍어 시간 (한강 소설ㅣ2024년 노벨문학상 수상작가),한강,문학동네,"그 여자의 침묵과 그 남자의 빛

한국인 최초 맨부커상 수상 작가 한강의 장편소설 희랍어 시간 말을 잃어가는 한 여자의 침묵과 눈을 잃어가는 한 남자의 빛이 만나는 순간을 그리고 있다 열일곱 살 겨울 여자는 어떤 원인이나 전조 없이 말을 잃는다 말을 잃고 살던 그녀의 입을 다시 움직이게 한 건 낯선 외국어였던 한 개의 불어 단어였다 시간이 흘러 이혼을 하고 아이의 양육권을 빼앗기고 다시 말을 잃어버린 여자는 죽은 언어가 된 희랍어를 선택한다 그곳에서 만난 희랍어 강사와 여자는 침묵을 사이에 놓고 더듬더듬 대화한다 한편 가족을 모두 독일에 두고 혼자 한국으로 돌아와 희랍어를 가르치는 남자는 점점 빛을 잃어가고 있다 그는 아카데미의 수강생 중 말을 하지도 웃지도 않는 여자를 주의 깊게 지켜보지만 그녀의 단단한 침묵에 두려움을 느끼는데"
흰 (한강 소설),한강,문학동네,"고독과 고요 그리고 용기
이 책이 나에게 숨처럼 불어넣어준 것은 그것들이었다

한국 최초 노벨문학상 수상
한강 작가의 자전적 소설"
